,q1c,q1cstd,q1high,q1low,q1range,q1middle,q1pos,q0c,q0cstd,q0high,q0low,q0spanmean,q0spanstd,q0lixt,q0lixc72,q0lixc288,q0lixd,q0lixm,q0lixtv,q0lixc72v,q0lixc288v,q0lixdv,q0lixmv,m0c,m0cstd,m0high,m0low,m0spanmean,m0spanstd,m0lixt,m0lixc72,m0lixc288,m0lixd,m0lixm,m0lixtv,m0lixc72v,m0lixc288v,m0lixdv,m0lixmv
2015-03-20,0.15745576645542614,-0.7608734879152356,-0.6331080042265677,0.7217058383485809,-0.7377823700235038,0.02445134553626029,0.8482059217368652,0.17847686332185875,-0.732094706625959,-0.7568834548299497,0.7874610780929653,-0.7925050103044972,-0.796198070233514,0.48590171927994674,0.0,0.0,-0.6029119602420536,1.0,-0.026187690252034795,0.0,0.0,-0.03204635769325566,0.0,-0.06378163197681624,-0.759525488433398,-0.7568634319932177,0.7691467038574128,-0.7706309203893954,-0.8470772344755165,0.2649389848087662,0.0,0.0,-0.25169156305235596,1.0,-0.08427190335640009,0.0,0.0,0.04824682754287829,0.0
2014-12-19,0.3099317990152429,-0.7962054552299686,-0.3525518426429451,0.9849127002427224,-0.7511149844616711,0.3151044225363331,0.916999911728593,-0.022961594395795003,-0.7274180939925481,-0.709178224738004,0.8034339050133051,-0.7774573404270096,-0.8127998288556946,0.49969485159858706,0.0,0.0,-0.5833826783409134,1.0,-0.26427528636664527,0.0,0.0,0.07695713884692593,0.0,-0.03322167790045009,-0.6617014265730434,-0.6734047778340919,0.6629993241124932,-0.6797658610411554,-0.8621981914035323,0.2188950815227525,-0.4636660359651393,-0.10245955519068595,-0.18823425933001162,1.0,-0.078219962830195,-0.4636660359651393,-0.10507893322079284,0.07045738560224614,0.0
2014-09-19,0.09302652398169949,-0.9050053102891222,-0.808375989282225,0.6507283573841027,-0.7999540880796011,-0.096805840058124,0.9811382331709457,0.24791359205294622,-0.9495960909667541,-1.0000000000000002,0.9242895379713084,-0.9791535900353789,-0.9711713155035477,0.6388894105046927,0.0,0.0,-0.6849543940486549,1.0,0.22500447785701252,0.0,0.0,-0.07975705081476946,0.0,0.07046979597906665,-0.9333204660059459,-0.9666613818879994,0.9778429386673853,-0.9757146971893068,-0.9690074664777258,0.3941503578986545,0.0,0.0,-0.40182760887427604,1.0,-0.05119997398338621,0.0,0.0,0.024747133459581884,0.0
2014-06-20,0.3064287138954447,-0.9641376236639735,-0.3871425722091107,1.0,-0.785334839526599,0.3064287138954447,1.0,0.1641302758639719,-0.7578440462547583,-0.7167305198585772,0.8103592115081447,-0.7853044485562769,-0.8777482030338398,0.5600619887250051,0.0,0.0,-0.6363498710674675,1.0,0.4876051066075345,0.0,0.0,-0.02433831188962278,0.0,0.024739685884819864,-0.8046641918988231,-0.8007183699479706,0.8765715449396666,-0.8390769383286677,-0.9119101374942572,0.2847208330701463,0.0,0.0,-0.3024919383090515,1.0,-0.08170505413327385,0.0,0.0,0.03849125377303952,0.0
2014-03-21,0.2444251744951829,-0.7964464703167783,-0.43727365370022625,0.7283639936149865,-0.6135092052606586,0.12617244925986154,0.8307746241407306,0.0697050638129015,-0.8454375596357061,-0.8902559157950426,0.9531426287708135,-0.9403652753150746,-0.8876632195426963,0.38923581776805355,0.0,0.0,-0.6215179279667904,1.0,8.025322738628669e-05,0.0,0.0,0.028613246778804387,0.0,-0.10007600616445508,-0.8509573395650539,-0.8982960903941545,0.9891529009666773,-0.9401758265289781,-0.9103804094082899,0.3346210507847142,0.1248590876205728,0.05555684023416701,-0.2954637825543766,1.0,-0.12309207326809418,0.11311181069087763,0.031563543377068425,0.08947926687565973,0.0
2013-12-20,0.19099147782395404,-0.8832290612213362,-0.6180170443520919,0.927944266784361,-0.8834063030863807,0.14982469162731188,1.0,0.16184509838448638,-0.8169695477331513,-0.8564275410351914,0.8681950727619667,-0.8815305642175031,-0.949301701016933,0.38920770208313643,0.0,0.0,-0.6592830607515867,1.0,0.07441460394345337,0.0,0.0,-0.04255080568643517,0.0,0.3196850215246993,-0.8193757506185602,-0.9154696109126665,0.8122971557649918,-0.8808455627185604,-0.9499103023714208,0.489982814006245,0.0,0.0,-0.5246180747761451,1.0,0.07340694091834536,0.0,0.0,-0.05722427027947237,0.0
2013-09-20,0.06196322543331705,-0.8694483808118304,-0.7701321691032584,0.6366766183184931,-0.7641035784923578,-0.08645282765370053,0.6715070826990432,0.27792026179613727,-0.758857723770056,-0.7668939196791652,0.7890365439373246,-0.7986747397523607,-0.8740036085254648,0.3631375037142546,0.0,0.0,-0.6333522923527206,1.0,0.180770230795116,0.0,0.0,-0.15511928544597464,0.0,0.4225768376439905,-0.9116404948255992,-0.9288058017397824,0.8202290969373067,-0.8918824553563846,-0.948889573996681,0.5451483150395289,0.0,0.0,-0.5543186869267471,1.0,0.4867666490522646,-0.3801980889329917,-0.08616289850625719,-0.20187596375454636,0.0
2013-06-21,0.03696986868564439,-0.7384608367051888,-0.36930254287982456,1.0,-0.7735562802932785,0.3153487285600877,-0.7655302505613242,0.21200779292433536,-0.7835267600841945,-0.8439864111861295,0.7858849821703889,-0.8344005213621516,-0.8779778963569342,0.2998069808561559,0.0,0.0,-0.5388214791235024,1.0,0.08589676281889984,0.0,0.0,-0.11997980584035324,0.0,0.06612388754929334,-0.7820954005036798,-0.8627241663189684,0.7358641549980464,-0.8202474813902088,-0.907917164214162,0.43114157161443856,0.0,0.0,-0.45317874978380807,1.0,-0.023104565745413974,0.0,0.0,0.006689585429474486,0.0
2013-03-15,0.2886471369009477,-0.8659854114109757,-0.4031584507970677,1.0,-0.7959090359665255,0.29842077460146615,0.9344976051779845,0.14804156580945335,-0.733323084752157,-0.7247424512186644,0.7449838278707126,-0.7556156302335325,-0.8182757495973473,0.25507410548560616,0.0,0.0,-0.4405637940653576,1.0,-0.06302649780350436,0.0,0.49519324563552825,-0.0935054618524231,0.0,0.31038979810236805,-0.7879011581481044,-0.9461884735617727,0.7171468735915231,-0.8610030990367016,-0.8729422249280344,0.38374311829517865,0.0,0.0,-0.3891612265353674,1.0,0.36677073636861884,0.010606831354199557,-0.01088429717726607,-0.19521123216356848,0.5
2012-12-21,0.07403535342218548,-0.7626247203495339,-0.7166251361555177,0.5829189566594007,-0.6882214278966372,-0.09014765974871426,0.6439117107539296,0.07531007105684619,-0.8327943629345018,-0.7773234507299609,0.8679454487877567,-0.8428793882933551,-0.8807349548566135,0.24510158396523588,0.0,-0.9076572812080411,-0.3404522386028288,1.0,0.08709376421141213,0.0,-0.05237493805363486,-0.0026333980000315315,0.0,-0.0719026688492376,-0.8550534353871408,-0.7676021757543896,0.9320018461574255,-0.8413279058291563,-0.9467244283398409,0.2362160406145411,0.37722808008236103,0.1678500185798582,-0.18208508730296363,1.0,-0.21648551938664004,0.3417368490728004,0.0953607390189355,0.12681086556558843,0.0
2012-09-21,0.3072393409717353,-0.8719625786110229,-0.3389674239499275,0.8479770729401799,-0.6388410830443427,0.24366275040950305,0.8884588888639658,-0.04090865566203843,-0.6070172181668255,-0.5642083179893729,0.5923554947583708,-0.6011935671059163,-0.8543414279061572,0.2145894050465723,0.0,-0.7969830411282419,-0.3388474268363004,1.0,0.11441774451799244,0.0,-0.3771603706408296,0.04362977870852164,0.0,0.1389798653750355,-0.7075021443233495,-0.8454273376409425,0.5262393646122033,-0.727033577814793,-0.8798876192122439,0.21149795925533055,0.0,0.0,-0.3142078602505775,1.0,0.2193535743717547,0.0,0.6966325586493223,-0.16119814884048977,0.5
2012-06-15,-0.1300667092934681,-0.6880548962520177,-0.7727208740348008,0.26756064202562246,-0.4873494876376174,-0.2844603253886302,0.014242849286711712,0.1929557641995448,-0.7977006119118581,-0.8183850797177326,0.7532257705331902,-0.8053534793149806,-0.9098236013124285,0.14455566615432422,0.0,0.0,-0.35194181557869053,1.0,0.1340358279131554,0.0,0.0,-0.1495327853475102,0.0,-0.047949775077832386,-0.7921933484375446,-0.8068098310072475,0.8094516082206045,-0.8160786540204119,-0.9258195235591529,0.18030645031031337,0.1350118931569083,0.06007439523044283,-0.3422711036986926,1.0,-0.18865809031047936,0.12230939686335626,0.03413010480284858,0.08091363483183257,0.0
2012-03-16,0.38748646849798307,-0.8724323264029933,-0.2250270630040339,0.9773135819996144,-0.6611862181317653,0.3745252941720679,1.0,0.25035163070826744,-0.3175218452595001,-0.40581280818719007,0.39667555806667926,-0.4236378590470036,-0.6301850031939947,0.09759793961870258,0.0,0.0,-0.2608154558698366,1.0,0.1770173870362176,0.0,0.16703522620882177,-0.26843203452396996,0.0,0.314501235527902,-0.7620424014708175,-0.9024423478818977,0.595114431696178,-0.7873981509675698,-0.8496286219162552,0.329478491777184,0.0,0.0,-0.3030436526133097,1.0,0.4485460349288007,0.0,0.0,-0.33269259770456877,0.5
2011-12-16,-0.07542328748200533,-0.29696536496749504,-0.5657080385205872,0.35425584862304726,-0.4160763452403731,-0.14164349789135053,-0.03512064909385737,-0.26206244734031864,0.14150622071200944,0.24469336860905833,-0.07204953857657206,0.13398208349685975,-0.35932762954489794,0.03558217725192156,0.0,-0.3350413069203709,-0.09723103471053346,1.0,-0.18955936503997056,0.0,0.3315159158702681,0.16260014831691305,0.0,0.7123802796327527,-0.33117127343190045,-0.4180781755674762,0.08120658412139106,-0.297203368926162,-0.7149255660534671,0.12916221994112054,-0.8546544786714894,-0.05947846059831168,0.004971216971562445,0.0,0.27531209936165857,-0.8546544786714894,-0.216212359460367,-0.1430943843267793,0.5
2011-09-16,-0.4818698635442801,0.06735928222733163,-1.0,-0.6849947586739912,0.08120687586451707,-0.8983796176762006,-0.14390827879723067,0.022960170097419595,-0.7013605237473751,-0.6442061895846682,0.7334427435044064,-0.7113304768563381,-0.8930745575316558,0.13542364395136075,0.0,-1.0,-0.31183849395785457,1.0,-0.1374051231496582,0.0,-0.04497601805633693,0.010841124598760424,0.0,0.4799626325041878,-0.7508467635225821,-0.8194392802336817,0.627292514105767,-0.751864962859212,-0.9203488562393207,0.3871328311508461,0.0,0.0,-0.3556269737579888,1.0,0.4881925867511019,0.0,0.0,-0.22881782400413644,0.5
2011-06-17,-0.247476446932903,-0.7742756117328847,-0.7748267376031696,0.4593686939212569,-0.6334409548965978,-0.18317766961695978,-0.8761592199609037,0.1692097757923251,-0.7230770276671898,-0.7739487922883317,0.7361103412133781,-0.7753314429930248,-0.8513729494288489,0.2077953203619997,0.0,-0.9049605249155047,-0.32614712915656924,1.0,0.004967263420255341,0.0,-0.14774080384987168,-0.1173930712431935,0.0,0.14270372972427386,-0.8891574898774826,-0.8947597241139323,0.8357378796270281,-0.8779250350409918,-0.9613257304702977,0.4106023284668229,0.0,0.0,-0.49201535036279637,1.0,0.20371584888441935,-0.18794228782066663,-0.04259267140445816,-0.12160343697303402,0.0
2011-03-18,-0.016206619536904717,-0.7038281537871969,-0.4662819648610498,0.7927599890776227,-0.6812421352381711,0.14845892863415608,-0.481482470511733,0.3406374817525738,-0.8121433721564933,-0.9082623868162504,0.7569130872223119,-0.8505167257789004,-0.9024532775723759,0.2060551035785448,0.0,-0.5927672927608667,-0.25460694342022105,1.0,0.13985736403449006,0.0,-0.2805183050381563,-0.3168019929646378,1.0,0.1681590437864675,-0.9586831163341418,-0.9753383351624215,0.8780117004975231,-0.9417016099207756,-0.9559404503894324,0.4345078808665837,0.0,0.0,-0.5598083278741697,1.0,-0.007450746724176925,0.0,0.0,-0.04958132053296121,0.0
2010-12-17,0.2951533670055899,-0.7770543142818916,-0.4096932659888201,0.9597442030386911,-0.7698543233456407,0.2721544783297621,1.0,0.2931281238832154,-0.6248841141441994,-0.6705051410195628,0.5702992320216494,-0.641159309719746,-0.8399890003153541,0.1570578768178043,0.0,0.0,-0.061545520132434486,0.0,0.3217897937664645,0.0,0.0,-0.341363729490053,0.0,0.23818263052666203,-0.7776258091134863,-0.8167400843055991,0.671554038094637,-0.7676350810257333,-0.9247533565059521,0.4200282844051703,0.0,0.0,-0.3714277397493897,1.0,0.30313152581677144,0.0,0.0,-0.17115779300145684,0.0
2010-09-17,0.11937264303259015,-0.6386181696481994,-0.7383477049538335,0.49481882244993497,-0.6361001110933907,-0.1472554773585936,0.9453874124721449,-0.3108523277930134,-0.19348881695093897,-0.10777251777035295,0.19650598102616867,-0.17476407933715976,-0.4141962871483208,0.04432296576528978,0.0,0.0,0.09568102937338767,0.0,-0.26169037084482766,0.0,0.2610907713708988,0.22013460028092421,0.0,0.19125064119077306,-0.5306134660361147,-0.5850425892323897,0.4385321483545704,-0.5391836075782939,-0.800428186887147,0.0720982910887095,0.0,0.3985133856482189,-0.03849840365014941,0.0,-0.11273528775674227,0.0,-0.03599787321833099,0.02880646742859912,0.0
2010-06-18,-0.41176048600158044,-0.23972085685434366,-1.0,-0.37688238161228743,-0.15123489131796194,-0.7341049942205001,-0.19621106784566866,0.46208433636352175,-0.7513098402599652,-0.753496865076104,0.6358982263773842,-0.7149385429682907,-0.8208417034755257,0.18215604217783468,0.0,-0.5236990738444233,-0.14406018022008987,0.0,0.44061344997959956,0.0,-0.1331788924455315,-0.5201862720655938,0.0,0.3454826843555147,-0.8990329335632411,-0.911263176193263,0.7212886915910365,-0.8428603247314925,-0.9400050353474738,0.9786275697795408,0.0,0.0,-0.736518823284627,1.0,0.4415137757823757,0.0,0.0,-0.07742124047571167,0.0
2010-03-19,0.35827667416575515,-0.7293165134490757,-0.21709197055278112,0.6777044502904616,-0.4299203462421695,0.20732054754598112,0.8847183387370918,0.04526965746877978,-0.5983505402114275,-0.5760338710667592,0.7042718965247269,-0.6635228393696311,-0.7760381612549533,0.0277927930810003,0.0,-0.24227682755967428,0.11296499357314489,0.0,0.15874726999605915,1.0,0.1463469550770723,-0.0735328572360418,1.0,-0.11112921874374872,-0.7383412346861841,-0.8396552043355953,0.7893945045466156,-0.8276279034738695,-0.8581880461605434,0.3971697020470766,0.0,0.0,-0.43093491657666294,1.0,-0.07848417227779124,0.0,0.0,0.08423597924898787,0.0
2009-12-18,0.12160365553508348,-0.6312651218629259,-0.6330087272838962,0.5959897164044388,-0.6428758514822186,-0.04416264130974215,0.7012317112219553,0.4118237388406487,-0.6264806365299815,-0.6224360283765735,0.500712999788754,-0.5833744099727163,-0.8574353503281774,-0.058386877460951205,-1.0,-0.5358213463160989,0.14223512550544998,-1.0,0.4322571428507432,-0.22115612024561335,-0.04592241901637745,-0.6153745159477205,0.0,0.26813424067110087,-0.6965768961651235,-0.7314205591817678,0.6650349359012238,-0.7152675797564576,-0.8847261374357429,0.39840696160326483,0.0,-1.0,-0.7227034719041978,1.0,-0.03723632550569986,0.0,-0.20039830741700188,0.011645254633714412,0.0
2009-09-18,0.5219523418023151,-0.7001950463304998,0.04929725079429676,0.9578295877020384,-0.4653696740863494,0.5005558812195394,0.9901728437317467,0.5244403061958383,-0.31911480969838335,-0.32657901812156365,0.20328184005629862,-0.2875207920467824,-0.7522497995756023,-0.3761847926251448,-0.8188961128073192,-0.43878201765743774,0.38718811586388263,-1.0,0.41643517672697655,-1.0,-0.20764706382702208,-0.9473280550246495,0.0,0.522279063148978,-0.5157519590941392,-0.7252501240417445,0.34033014759679353,-0.582569792185428,-0.8126075463007761,0.36573453846881404,0.0,0.0,-0.34989245360432375,0.0,0.6951123348176045,-0.02451340675484551,0.35388163562290326,-0.3632741313522475,0.0
2009-06-19,0.36447941272551465,-0.41053826808366223,0.06003920032593565,0.8715956004754226,-0.39322207374192975,0.4566597684599547,0.4512899224108058,0.1656069778258436,0.330937516555684,0.4252489956480033,-0.3688750044635562,0.3764769974326595,-0.4675344446664994,-0.6823503081145279,0.0,0.0,0.764276919372996,-1.0,0.3727072398533706,0.0,0.0,-0.5921870005599396,0.0,0.49005514934403355,-0.08339980488261553,-0.43085172683619305,-0.19424886941378897,-0.1920820699230883,-0.642096033202046,-0.21833663218941607,0.0,0.0,0.24672521988525098,0.0,0.7779072662474288,0.0,0.0,-0.910730196447061,0.5
2009-03-20,-0.3829092283232309,0.13744258951393995,-0.41847147114952205,-0.8770451490974566,0.6100345819888654,-0.7294277696102909,-0.06853664709455454,-0.1687603723360913,1.0,0.9999999999999999,-1.0000000000000002,1.0,0.2142435773966385,-0.9563667951778799,0.0,0.0,1.0,-1.0,0.05934829509528488,0.0,0.0,0.04930561319385898,0.0,-0.1687522271899471,-0.20394979773080865,-0.323888187312395,-0.0530187270555068,-0.1870445670689606,-0.6187525868111838,-0.6880108262224173,0.0,0.0,0.6999311020856748,-1.0,-0.05639008989612123,0.0,0.0,0.05542647487037221,0.0
2008-12-19,0.07273963366078329,1.0,0.6889241015330445,-0.42480494506626715,1.0,0.030444374061638222,0.06936165173108022,-1.0,0.8374954743771236,0.9821121240901756,-0.4300840136554523,0.6933865932322104,0.5888348938015661,-1.0,0.0,0.0,0.9574934478034863,-1.0,-0.9184154386931347,0.0,-0.18266569993026943,1.0,-1.0,-1.0,0.8717095353924861,1.0,-1.0,1.0,0.06372466137449789,-1.0,0.0,0.0,1.0,-1.0,-0.8812913369392413,0.11531416283772636,0.03217810375846497,1.0,0.0
2008-09-19,-0.010704840972088217,-0.14036337667354318,-0.5658727622355534,0.1902018773227329,-0.2924218321243237,-0.2291881353670196,0.3253204829062579,-0.3308283901004978,-0.5345546234665194,-0.33687866312421905,0.6109492389423715,-0.5003334870204841,-0.7553919733884922,0.007216282484599592,0.0,0.15169708721667632,0.09538973499928467,0.0,-0.3120704321890324,0.10738333485915648,0.18599824732225476,0.249591386016038,0.0,-0.058156850677260605,-0.5872352032516289,-0.4905520251587526,0.5157525944402934,-0.5142232620853242,-0.813840977440726,-0.2805886440060239,0.0,0.0,0.2155560144450913,-1.0,-0.10349180644081021,0.0,0.0,0.06960970401924742,0.0
2008-06-20,-0.28719597374237255,-0.6562411895928627,-0.7635397294678027,0.4256080525152549,-0.6005196863120639,-0.19591103247693514,-1.0,0.20307087129935267,-0.3434512880457117,-0.26990910999321877,0.29613533514933693,-0.30633284745364436,-0.647290093406864,0.17158468315270153,-0.10738333485915648,0.005076030049367912,-0.1833846166638032,0.0,0.23573817417222576,-0.13113181657564305,-0.17756629989538253,-0.20967687870620927,0.0,0.49946897227476,-0.6462656859956304,-0.7460439514927979,0.5091545791157578,-0.6611622202037324,-0.840917992903749,0.01705725855226316,0.0,-0.11928498301421335,0.026186237255747993,0.0,0.49786272384408364,0.0,-0.12233450302479318,-0.312094593321913,0.5
2008-03-21,-0.004153068696935063,-0.35828466365793593,-0.4408026610704125,0.5677710309607544,-0.4946869050861571,0.032658186558545924,-0.08004929781260174,-0.44009951563632554,-0.36365869398861106,-0.20611926953783066,0.4408701671482391,-0.34926507839203774,-0.5970620247909321,0.08899684907032152,0.0,0.1525382547158213,-0.055606011943725324,0.0,-0.3872367258436677,0.0,0.19350459323426838,0.32467273040017836,-1.0,-0.3606313279754604,-0.5606987216177121,-0.44137457299234717,0.4263957005477244,-0.4475722871607644,-0.637938847250137,-0.3029306727125457,0.0,0.0,0.2308606319186207,-1.0,-0.4256783294380264,0.022958599246745575,-0.018069027013920977,0.2775887905669653,-0.5
2007-12-21,-0.16629636790376,-0.4507950098061636,-0.8945603132552432,0.161908952445854,-0.4880875426439842,-0.39764142364645805,0.08666254502056114,0.21027650692367628,-0.5126668639022453,-0.5145571698801086,0.5009382953684726,-0.5301253272324407,-0.7021228854874569,0.29295555435490644,0.0,0.0,-0.4841246232691567,1.0,0.1689616031897092,-0.22429333749708086,-0.04657385296723216,-0.1339285327955662,0.0,0.044422638303784734,-0.8046770166481539,-0.864302082670998,0.731271766006566,-0.8191527726264864,-0.8686383704645451,0.22549691991356235,-0.08429799266404923,-0.018627922172146278,-0.24904237353024536,1.0,-0.031307343597563514,-0.08429799266404923,-0.019104144911874673,0.015707595839698666,0.0
2007-09-21,0.2628330154571813,-0.4854022792992808,-0.44852260589983245,0.6401587035085663,-0.554393540822928,0.0701546434806973,0.9463741052078147,-0.07760108497414081,-0.7188856281510495,-0.6739218755652048,0.8466260126825688,-0.7825370221568738,-0.8095719638367378,0.2337620321367782,1.0,0.03867785708145484,-0.40250760780030775,1.0,-0.16566880363622172,0.18367294220493965,0.04906535095516474,0.0959488861221246,0.0,-0.10648674819946573,-0.7281815121361703,-0.7149757365087679,0.797614935543632,-0.7574611689652461,-0.8041082038075182,0.09905346743231777,0.0,0.7829708772316838,-0.04178959093828454,0.0,-0.14882924196458805,-0.11437780998281603,0.3750946668184578,0.11188570332417948,-0.5
2007-06-15,0.18779600009281414,-0.8353249609228277,-0.5759119757574804,0.9733302158362217,-0.8898466107301728,0.19680706630745243,0.7866252214989946,0.15129797454636632,-0.7565611560819471,-0.8286315406669519,0.7949338996686385,-0.8310975416317578,-0.7805082060999026,0.31387348991830105,0.0,0.0,-0.5179409175400489,1.0,0.095373571420677,0.0,0.0,-0.06290926136397067,0.0,0.26707991174651907,-0.9009194019108987,-0.9735032822549116,0.750354988738795,-0.8905543995093985,-0.9334668274745789,0.39775931643710616,0.0,0.0,-0.44650127480846397,1.0,0.4257897806594296,0.0,0.0,-0.2703953803797396,0.5
2007-03-16,-0.15294521758810337,-0.7495271750371827,-0.765808197702918,0.603993503216769,-0.736592422067203,-0.10186070575632965,-0.7000948456668723,0.1817815029973863,-0.960167709166907,-0.9235920731578902,0.9282496546918129,-0.9442264724730629,-0.9747725563547527,0.2804605871502482,0.0,0.0,-0.4796035591691145,1.0,0.06766177595884276,0.0,0.0,-0.09610248305561897,0.0,0.11125396711715346,-0.9918487516082378,-0.9191927863111169,0.9539079567656991,-0.9385364161760156,-0.9776363433480869,0.32047969163370466,0.0,0.0,-0.39755108984906184,1.0,-0.08370107928017394,0.0,0.0,0.02718071475122195,0.0
2006-12-15,0.24532880388495606,-0.9405815718580158,-0.5093423922300879,0.9684317899377948,-0.842199836813234,0.2272932958657353,1.0,0.4157885022006878,-0.9250211814886791,-0.9050275049745323,0.8602556713945764,-0.9010053105968815,-0.9377286257835264,0.2567561551199672,0.0,0.0,-0.4210380116907589,1.0,0.4769577298944933,0.0,0.34045313749553086,-0.37248614571351013,0.0,0.325470708396631,-0.962150176383972,-0.9746333828854229,0.8776146279676091,-0.9411330057128231,-0.970347773764845,0.3664496074914792,0.0,0.0,-0.37992590275782673,1.0,0.24823767348267894,0.0,0.0,-0.11261307179371195,0.0
2006-09-15,0.36734708084821943,-0.9082133527815568,-0.2653058383035612,1.0,-0.7048943222711129,0.36734708084821943,1.0,-0.17872523831859505,-0.7166800864350182,-0.6080452225409527,0.8103589878872347,-0.7322504208820418,-0.8740930177390642,0.08966015550449208,0.0,-0.6828850819110581,-0.1940422634207687,1.0,-0.18471805997880908,0.0,0.15517564420140545,0.13430716449644314,0.0,-0.012197068595786462,-0.7740457365405152,-0.7759463293623227,0.833412904959023,-0.8071133270487301,-0.9210036656275077,-0.020469952877832914,0.0,0.5493814767220826,0.03924342577744452,-1.0,-0.02130453487451654,0.0,0.1322802142781235,0.02330854279378161,-0.5
2006-06-16,-0.22887839756568024,-0.7620531041044233,-0.8732213759270173,0.32884222304577615,-0.5999343213020943,-0.29868157136156304,-0.45429448613094536,0.1586332041278712,-0.9003608117231907,-0.78721982960682,0.9238601139802671,-0.8761807468096937,-0.942106003469569,0.1869516928034827,0.0,-0.994138293676419,-0.3713072882663554,1.0,0.27405444220820396,0.0,-0.12728664889729494,-0.12331953402199343,0.0,0.05083269753317721,-0.9076490120007573,-0.841217549485631,0.9443128695262663,-0.8890658893935245,-0.9357445715071344,0.1800963473804785,0.0,0.0,-0.27775087535314996,1.0,-0.06506266333126719,0.0,0.0,0.014788104248520813,0.0
2006-03-17,0.20823121136407147,-0.9142318179503238,-0.5835375772718571,0.9465557208143308,-0.8746824427055857,0.17769749646749503,1.0,0.27905407354392603,-0.8417817666174222,-0.8395348558455286,0.8958635083431545,-0.8871338724477172,-0.9209270745836438,0.09094024755450617,0.0,-0.7251670325632109,-0.296155473296144,1.0,0.3192866885560656,0.0,-0.2218427322062439,-0.2823151694413684,0.0,-0.020377397575392184,-0.853469978865073,-0.8749664707652927,0.9705549052720955,-0.9190205744269131,-0.9142792177774175,0.18297001704574686,0.09762008050526465,0.04343667184849664,-0.1872817842713854,1.0,-0.05264128630217693,0.08843556585400165,0.02467770431627872,0.036925624905393147,0.0
2005-12-16,0.4269337449038137,-0.8790472356081778,-0.09337978017400411,0.9941230546881388,-0.5869496258428326,0.4499525012905346,0.8844833390292024,-0.14474357635894425,-0.846349970569826,-0.7125026303016059,0.9373946862127023,-0.8467636096065578,-0.9193121259114008,-0.04389725014707387,0.0,-0.2563879424760871,-0.12411056941775489,1.0,-0.2149100860699923,0.0,0.1171368462702272,0.10538116067242141,0.0,-0.10591598922694549,-0.8406221960082364,-0.7598264140137666,0.8700126765484094,-0.8122175226991556,-0.9097485351633974,-0.030159276922084623,0.0,0.1704235819586629,0.035893394318605644,-1.0,-0.1901579600691201,0.0,0.09682285923668286,0.12994685104272544,-1.0
2005-09-16,0.019682456297889634,-0.8999621445595295,-0.8942820028844294,0.7672306210170152,-0.9445619765005078,-0.07477545431201646,0.6429644822766873,0.28452157066281814,-0.8629094612950953,-0.8447287870710709,0.8216442331735595,-0.8525470911132057,-0.952056089697296,0.09227603208804504,0.0,-0.49134246646280516,-0.26319766975891545,1.0,0.23034619305379483,0.0,-0.23252051448968294,-0.30022611671267474,1.0,0.2809884371032589,-0.8938624269494136,-0.895131846104826,0.8991207138338898,-0.9030039103583414,-0.97083625800268,0.27845824127989693,0.0,0.0,-0.28996305175775056,1.0,0.08899416228560687,0.0,0.0,-0.023896683914225055,0.0
2005-06-17,0.32306398524922075,-0.8734127324387008,-0.35387202950155855,0.9223826419051953,-0.7048135748772015,0.278719738882666,1.0,-0.044521549688167766,-0.7939144229911542,-0.7019605111850222,0.9028512872044752,-0.8244509061863449,-0.9142182727900177,0.011577209166237458,0.0,0.0,-0.08023770521354097,0.0,-0.11853660632409764,0.0,0.17618794433695947,0.04297742505458579,-1.0,-0.059404310221271926,-0.7793717681066497,-0.7371270675738333,0.8767497366075618,-0.8015834303289258,-0.9014428650390979,-0.03947515716310722,0.0,0.12560201438870022,0.018452769040138532,0.0,-0.10450528900410283,0.0,0.06571490649826676,0.08153676866162143,0.0
2005-03-18,0.10705508368999313,-0.8748523548224872,-0.43533105750515505,0.964553952507753,-0.7904097180765004,0.2620834822766705,-0.15854467978102393,0.2645720183104365,-0.8344865195850455,-0.8043987301628024,0.8739231198505581,-0.8591409708260948,-0.9201680543135408,0.07401078310481032,0.0,-0.3533999412822709,-0.1369613680848709,1.0,0.16593560521456768,0.0,-0.050606313731154574,-0.26871218190263957,1.0,-0.1259127945427601,-0.8875409881725627,-0.8000136699212159,1.0,-0.8867838040825329,-0.9471997736234291,0.11754260481340613,0.11677730004635507,0.05196079777042799,-0.12773751481322473,1.0,-0.18056293936143883,0.10579039225382522,0.0295205214591264,0.0883938734112014,0.0
2004-12-17,0.5158170183532896,-0.8544267636541245,0.15233736357712274,0.9913809833155582,-0.42265065639222893,0.5712444765763008,0.792282215854463,0.035300092796995725,-0.8043943128846456,-0.7635358383872602,0.8559481914209837,-0.8305664095626168,-0.9325575223810748,0.015877380316138695,0.0,-0.24646300687100942,0.01750127048606378,0.0,-0.05297380875035837,-0.11523101479148423,-0.10587574007310231,-0.038394259605951726,0.0,-0.04667272466581008,-0.8504509031989463,-0.8223068492639439,0.9127310717575955,-0.8657728869430292,-0.950622838421037,-0.022199092621351408,0.0,0.09437358678042887,0.02536548962404106,-1.0,-0.17695197724408832,0.0,0.05361652655979671,0.08981525799485376,-1.0
2004-09-17,0.22381448252363462,-0.8311593923206538,-0.5523710349527308,0.7875211285347252,-0.7341286721085335,0.10242133471209733,1.0,-0.1574526580555551,-0.8293173286051181,-0.6346745494863775,0.8640192280585768,-0.7723113542888145,-0.8891632240681413,0.0437788388443213,0.5137513939440307,-0.022735447260774876,0.03278430294734764,0.0,-0.13403559642434262,0.09436223008758914,0.1315723663116615,0.11767053283858417,0.0,-0.15328965192134722,-0.9086025197480112,-0.773801498157834,0.9526665225523072,-0.8529818189865038,-0.9371255850924929,0.004685678835694267,0.0,0.727038345990551,0.02378883160200054,0.0,-0.21336831280699164,0.0,0.41305276314746314,0.13134101303548618,-0.5
2004-06-18,-0.024577224238175224,-0.823004920037553,-0.9840956293975425,0.5022856187296048,-0.8039837628613303,-0.2579425879097884,0.7534427902721148,-0.002747545318049311,-0.7436727614745645,-0.6723167887050805,0.7959231747920725,-0.756428988897361,-0.9067559661326605,0.1143757757675837,0.0,-0.286644914528205,-0.10511568590653417,0.0,-0.0925220571316851,0.0,-0.0591714370334718,0.0189463883037527,0.0,0.23349355534035096,-0.8023965052119414,-0.8063745655917184,0.7654206026020387,-0.7986345055554419,-0.913966903716847,0.4885914838301336,0.0,0.0,-0.38565723017362774,1.0,0.23714893747511764,-0.39752729371115025,-0.09009015262971962,-0.05528114707499363,0.0
2004-03-19,-0.1398162457825858,-0.781427143374808,-0.8369726365325982,0.6738057793053103,-0.8362442524343932,-0.09784522183462786,-0.8013877223999595,0.4399980461562529,-0.8473141075538557,-0.8614227286411054,0.7724027179243096,-0.8358898110479459,-0.9374840851765011,0.1631074112851901,0.0,-0.16160889402918532,-0.13012203613357512,0.0,0.5592085977712784,0.0,0.09971900854359529,-0.5115009520806449,0.0,0.3312768118042263,-0.9223049882030783,-0.9629155122599778,0.7944426627877637,-0.901795707961017,-0.954213073057025,0.6387913472494053,0.0,0.0,-0.702071234101162,1.0,0.131313134375502,0.0,0.0,-0.09997490186769412,0.0
2003-12-19,0.33335274248931035,-0.8373567437565477,-0.3274920014431602,1.0,-0.7459516205811716,0.33625399927841987,0.9827436592853291,0.12165999757609006,-0.7432567859980618,-0.6932195224949517,0.6680166260225796,-0.7018458735699917,-0.8748324856679762,-0.06884162411173643,0.0,-0.3616265053172484,0.11861193213692786,0.0,-0.00893495378640049,0.7054449305355983,0.008159261624991762,-0.1880418219876275,0.0,0.2557149440675454,-0.7580548616598627,-0.7705620845888782,0.7379736853288669,-0.7667825063259492,-0.8960432831855337,0.3310417194069859,0.0,0.0,-0.4319878573044668,1.0,-0.07898783395127378,0.0,0.0,0.05422644863712347,0.0
2003-09-19,0.21624031196589777,-0.8162162531915899,-0.529813494598581,0.6657757255395308,-0.6273900215956152,0.04414468227584127,0.9114972300301385,0.44658336379660635,-0.6136062559436414,-0.517391711019597,0.4992252300020579,-0.5312152450607969,-0.8719422494907333,-0.05896563228659082,-0.7054449305355983,-0.37799245243145113,0.19346294629922153,0.0,0.46468825415555365,-0.8247519400873161,-0.1712573187447712,-0.65153756117492,1.0,0.18292967776412836,-0.706898910880771,-0.6761127273208037,0.6239495554825222,-0.6663493076594399,-0.9282330282192688,0.37324308818373897,0.0,-0.6648523358414161,-0.4778763481284611,1.0,-0.09754860320843675,0.0,-0.07551134771273053,0.030498321706114308,0.0
2003-06-20,0.6187422298179964,-0.676417314906484,0.4414748569920316,1.0,-0.23825505106540343,0.7207374284960157,0.7169698848834429,0.17454926660274375,-0.3596106374422986,-0.19375289196151416,0.28516748755575755,-0.26449883281850994,-0.7084789748194582,-0.40060708533000805,-0.030058772767800234,-0.01610613209305241,0.45281082276246376,-1.0,0.21532890071641259,-0.03670645433247143,-0.007621987465638367,-0.416209714031055,0.0,0.3251300373295209,-0.5496879776063824,-0.5591517663727232,0.48557314581710187,-0.5426305642438914,-0.7748835460937049,-0.030637555174275775,0.0,0.0,0.00042452986823450907,0.0,0.11455567554202692,0.0,0.1954275218514992,-0.0663932764445456,0.0
2003-03-21,0.22917662359904536,-0.4408312798836238,-0.5416467528019092,0.292323938056462,-0.35346851999914863,-0.1634361949897597,1.0,-0.13331689280382397,-0.3901246222377094,-0.1897622035579,0.378937211394983,-0.3105906183867035,-0.7774060623010295,-0.5589181204489871,0.0,0.0,0.61848523960295,-1.0,-0.02800155350213773,0.0,-1.0,0.06226536810816888,0.0,-0.0576625549124679,-0.5405653823167583,-0.5735212698357003,0.5856690348452007,-0.5904260269884034,-0.8297192266297109,-0.3182447240584626,0.0,0.0,0.221686477348543,-1.0,-0.13464010783163977,0.0,0.0,0.07565213643253406,-0.5
2002-12-20,-0.010577722343881407,-0.48953072205780884,-0.4728013965933666,0.759791606336302,-0.660674933586812,0.1263637599456753,-0.3755580727504779,0.2111750959173213,0.13145330003068653,0.1369285157240075,-0.3325320723876491,0.21562920306668582,-0.5663230436863914,-0.5279674160480976,0.0,0.830462901763084,0.5648060345777772,-1.0,0.20966296782002608,0.0,-0.20414770831663456,-0.5026659746303905,0.0,0.6753887543750489,-0.1172948458651059,-0.33942234632199886,-0.25945550962405967,-0.11214121330838932,-0.7102825933698809,-0.1866665919952936,-0.9293542540653976,-0.205365966234524,0.193616353154683,-1.0,0.7715063472547056,-0.9293542540653976,-0.2106161461624502,-0.5634524452442607,0.0
2002-09-20,-0.04388589581111701,-0.0971807757747718,0.4789226426243613,0.7851063664555116,-0.0514138170509579,0.6166885748234188,-0.831537432114574,-0.6854587649565576,-0.14263494625055,0.14124803006834857,0.18529943943245786,-0.045664400970640395,-0.3499515725167149,-0.6821128250074794,0.0,1.0,0.764894810512091,-1.0,-0.5607636796026549,0.0,1.0,0.6194976461001936,0.0,-0.49896865813196695,-0.16492605024968912,-0.06101505101823841,-0.11705529537229356,-0.0008465783091004458,-0.49564703878620014,-0.7106187311210882,0.0,0.0,0.5685719031783971,-1.0,-0.4183068798070164,0.0,0.0,0.3437751040090873,0.0
2002-06-21,-0.4069211671348771,-0.4792235029724975,-0.6771172547948047,0.18615766573024584,-0.3628180353844055,-0.28325202431063023,-1.0,-0.16592719507791254,-0.5446104281333589,-0.408572888309373,0.6021851379701363,-0.5305122111960155,-0.800375392451756,-0.062288968277107386,0.0,0.21170731833146075,0.2308235897356507,-1.0,-0.18178051365160916,0.0,0.2432279460516435,0.12076416950720313,0.0,-0.22333048831944696,-0.7298024393585272,-0.636587780366442,0.8026492874385801,-0.7135846297124385,-0.8881658701331173,-0.22024205848270062,0.0,0.0,0.1306908468075302,-1.0,-0.18552896524462215,0.0,0.17071603529651638,0.14676051620916705,-0.5
2002-03-15,0.19640800582568346,-0.5752289337861269,-0.5858023327905253,0.5775386570542256,-0.5977890902534564,-0.031973174926659624,0.9523219272296239,0.20255295576121873,-0.6188559934166544,-0.5568972907466829,0.5378333714759201,-0.5693011948849768,-0.8038952463749071,0.047403864125486216,0.0,0.029459521003792666,0.1381770674002942,-1.0,0.31737751775390743,0.0,-0.09903608851365606,-0.29616706170677104,0.0,-0.0545138624730078,-0.815257493878079,-0.7714922676542422,0.8223681802931084,-0.8005267858873623,-0.9337546924417872,-0.11306487119567536,0.0,-0.11376234153387872,0.08089691158612203,0.0,0.09117375373995314,0.0,-0.0952308779608143,-0.039056917284915886,0.0
2001-12-21,0.20932651085978862,-0.6233150278246284,-0.3167271152964925,0.5922213476548818,-0.4312137134231161,0.10866488204011868,0.5394775886214949,-0.2770926495560431,-0.3696894159838691,-0.2520595349495357,0.31648593080942167,-0.3078166961105119,-0.5355087784165163,-0.04593657133203149,0.0,0.037509284630395746,0.1916996103355876,-1.0,-0.30279537404978124,0.0,-0.11349969327212069,0.19216646403223603,-1.0,0.486330197397395,-0.6044580195879006,-0.7619416988000097,0.005460370218834936,-0.46948045851765824,-0.7271388341359832,-0.30256244933999826,-0.424345715349025,-0.09377066653422819,0.18836972333998112,-1.0,1.0,-0.424345715349025,-0.09616791316809378,-1.0,0.0
2001-09-21,-1.0,-0.5177186555155388,-0.8578482153092278,-1.0,0.41270182488286217,-1.0,-1.0,-0.1244327398974771,-0.5868841382669654,-0.4735086740110276,0.5412271333035096,-0.5308019786332906,-0.8200613927800227,0.13759369911638256,0.0,0.13176656925438107,0.026032188216941823,0.0,-0.1578427112380704,0.0,0.16715437339273206,0.0983395934587642,0.0,-0.054655681352461835,-0.6546672509016078,-0.6509395832182505,0.6132916248119181,-0.6474176404236263,-0.887792680407833,-0.18121605518790085,0.0,0.3266765478638109,0.14110977638040326,-1.0,0.017845617621600005,0.0,0.1855949572601708,0.006352963928074924,0.0
2001-06-15,-0.115675250798163,-0.6383688212077206,-0.35482776146709083,0.7291208829214169,-0.5596467860581549,0.16782782037388363,-0.9053788608145197,-0.24481730889810596,-0.23262258453706075,-0.1293577731326257,0.20066123976556047,-0.18944323418988676,-0.5562280821372726,0.2067072576449347,0.0,0.0013460822510992308,-0.0676675640494301,0.0,-0.34407426548861314,0.0,0.0017075919673008335,0.17387579029907982,0.0,0.7195334140142332,-0.2813164169886056,-0.45942498900091283,-0.06045960216802527,-0.26459338965949036,-0.723470888574345,-0.13017122588697122,-1.0,-0.22097705512850926,0.1485944676329816,-1.0,0.815697758845831,-1.0,-0.22662633246808098,-0.6047325372305841,0.0
2001-03-16,-0.7185082003283014,-0.5287757367010147,-0.7332767885453308,-0.4370164006566028,0.07022977612186544,-0.6417109309958963,-1.0,-0.12853715879483565,-0.27853494454728694,-0.1045053591578425,0.31901047531950294,-0.2373067451180588,-0.6166332622610053,0.38793217002355396,0.0,0.0,-0.29715715533797726,0.0,-0.2791907624937319,0.0,0.0,0.1139332957630529,-1.0,0.22277100435488412,-0.3829171378396275,-0.4790651735980456,0.3215312261777202,-0.42846587014333193,-0.6573645706045083,-0.106246078232746,-0.17248499998438696,-0.038115227350390794,0.09381822169377055,-1.0,0.25927228810515196,-0.17248499998438696,-0.03908964295221862,-0.20053073868472057,0.0
2000-12-15,-0.3048976043333693,-0.4578447875142439,-0.7102123903025579,0.3902047913332614,-0.5386028416584434,-0.18990379401593063,-1.0,-0.18569602254280454,-0.5571624518859893,-0.35798201085052983,0.6030106100447101,-0.5053296134868861,-0.6672886605798013,0.5349827534143101,0.0,0.0,-0.44753177295349555,1.0,-0.556206885481749,0.0,0.0,0.1720983762061371,0.0,-0.1288941453331206,-0.5110863445070913,-0.4949871747096419,0.38751150616329466,-0.46461575546183365,-0.7279892945317273,-0.08704178417124493,0.0,0.5714348449830807,0.0627578021785695,-1.0,-0.16062687449365776,0.0,0.32464964603403657,0.11415921279951403,-1.0
2000-09-15,-0.04880596672577148,-0.7888221747649593,-0.6852476582611734,0.5906785902043205,-0.6733589237962676,-0.07136949048122669,-0.08961051847635737,0.1278976562115027,-0.4528413698788403,-0.3838421864584739,0.4198098644821065,-0.42493392854507467,-0.7421648910047208,0.827938531268468,0.0,0.0,-0.6746754480392274,1.0,0.03933987488339272,0.0,0.0,0.013662048772014209,0.0,0.21351865532113293,-0.7411855914421657,-0.7138075133355009,0.7237763147456608,-0.727889667631008,-0.9351114486230759,0.3079064724467151,0.0,0.0,-0.2490493617126881,1.0,0.09176478521747844,0.0,0.0,0.0019155545843990666,0.0
2000-06-16,0.11972677299253229,-0.4460628275920345,-0.6463413729091754,0.5749907747239641,-0.6358367679143749,-0.06157966408899664,0.7278531255700487,-0.015620428569189345,-0.17189704783319756,-0.03652629544212611,0.0862022213410392,-0.08327434876654775,-0.35596765397106106,0.8141563126222949,0.0,0.0,-0.6927072739964857,1.0,-0.16928306872327464,0.0,0.0,0.08037375410670057,0.0,-0.21933674301331793,-0.3498011707168501,-0.3867868695227587,0.16360822927635688,-0.3081416094232402,-0.406113304024252,0.09868786742128988,0.0,0.0,-0.1847655729112403,1.0,-0.20049437337490458,0.0,0.0,0.09105740046608317,0.0
2000-03-17,0.09203873282108131,-0.3337935156275376,-0.8159225343578373,0.2471362363247103,-0.5004643183185215,-0.3155081707813592,1.0,0.4313885362047961,-0.5753074161556533,-0.5138975162470351,0.5672484276512483,-0.5630392283895594,-0.7163679750883437,0.9033181953135028,0.0,0.0,-0.7987884020738689,1.0,0.45876001139543326,0.0,0.0,-0.19647732049296868,0.0,-0.04198080799025259,-0.6203670017239046,-0.6688183571748612,0.6039326358234636,-0.6536137621858777,-0.7516070034437823,0.38145662603945624,0.0,0.0,-0.3824735120705623,1.0,-0.08702388258142922,0.0,0.0,0.014123698930912434,0.0
1999-12-17,0.5264788209238528,-0.6871489837695428,0.16118188579461562,0.8476235678558446,-0.3083597899517419,0.4935354412245537,0.8379018643368914,-0.13451463978926267,-0.49484094481453994,-0.37949879407287734,0.46298512756462507,-0.44590967888563326,-0.7913034768885072,0.7425975320700666,0.0,0.0,-0.6790537034907788,1.0,-0.304987637837216,0.0,0.0,0.14360576994240087,0.0,0.15119466272707752,-0.5709165758445093,-0.6185064976036773,0.4123101879231492,-0.5489457331873238,-0.843644193839302,0.18881831064776505,0.0,0.33840746541896455,-0.055321874327775473,0.0,-0.029251424912265903,-0.22734308900501332,0.053650695356326626,0.07104654075006411,0.0
1999-09-17,-0.07967365287142737,-0.6141133746500278,-0.7897475649101519,0.4408757694766546,-0.6293409937459177,-0.1999996321647932,0.07592657193369634,0.0002664728973788605,-0.5972940394522064,-0.5200938988126361,0.49409657249908295,-0.529708840509539,-0.79479777389176,0.9032354044349811,0.0,0.0,-0.8685914729184363,1.0,-0.18371760652187583,0.0,0.0,0.08521070732135333,0.0,0.2516510434348297,-0.7568786161004263,-0.8031001912140213,0.6345825937281185,-0.7451279174737581,-0.8861417386254844,0.4281191045319734,0.9725344887359205,0.4327353678661372,-0.4324863064675985,1.0,-0.05139303098571208,0.8810342849415597,0.24585022288640737,0.034884821323910915,0.0
1999-06-18,-0.05187304216667142,-0.6159125415672694,-0.9093778416543981,0.44135661467743686,-0.7086874896673988,-0.2555638014813644,0.42611534784143584,0.43190277101725233,-0.46001299811600593,-0.45870935264964957,0.3224631460567475,-0.413209715511766,-0.7630658027778102,1.0,0.0,0.0,-0.9810566433883984,1.0,0.24233374835008756,0.0,0.0,-0.15252675598150162,0.0,0.45897327934049925,-0.5715539082421638,-0.6653899549680958,0.4003255544055008,-0.5716995321684717,-0.7713417120955222,0.6431099617124575,0.0,0.0,-0.7665915664972596,1.0,0.015529278111479958,0.0,0.0,-0.08451671267492052,0.0
1999-03-19,0.3471833549040807,-0.5614707598013233,-0.14389563592476234,0.9257824011885991,-0.5687452271042449,0.3856502816481856,0.6562094786537322,0.5800483531380544,-0.5282863701527875,-0.5455730641127657,0.3863549691782814,-0.4873455334010175,-0.7708434387221594,0.9151014914254976,0.0,0.0,-0.8881057363448793,1.0,0.5962257144517394,0.0,0.0,-0.2958565425301761,0.0,-0.0031757200521239414,-0.6093775193240908,-0.6863228952837171,0.4028285212250783,-0.5842527989302814,-0.8165690894753518,0.6318125977080544,0.0,0.0,-0.5675812540607165,1.0,0.04389996138057801,0.0,0.0,-0.0037122763976955176,0.0
1998-12-18,0.6292278510523253,-0.6261658978173013,0.3045640174440684,0.9499801524250067,-0.2909127124807326,0.6237047355639636,0.9322792292526352,-0.2029451076508528,-0.01250434137084126,0.10304432720647608,-0.12164630141246026,0.09171256856419496,-0.3048292242100897,0.7062214890512778,0.0,0.0,-0.7078086218748479,1.0,-0.511226559530255,0.0,0.0,0.1684818198842769,0.0,0.19726271483912497,-0.3992680640658053,-0.48477907646191515,-0.13504756225773104,-0.2477263435263123,-0.5998158316370586,0.16574415794045558,-0.8048441048901211,-0.10610845962093303,-0.11004388296470358,0.0,0.4266702073387529,-0.8048441048901211,-0.3043062432775804,-0.26496950052311363,0.5
1998-09-18,-0.5315803223682313,-0.09444062653362514,-0.934887217502237,-0.6163634368153399,0.07242055417661981,-0.8314056271037056,-0.33880727084621687,0.11935239922794369,-0.680158093620193,-0.5629984805886633,0.6979370071344756,-0.6538792902064406,-0.8393182739778162,0.9754859989236662,0.0,0.0,-0.9301789928062286,1.0,-0.04357171583299099,0.0,0.0,0.048324155124061054,0.0,0.0533254437576288,-0.7823920410478185,-0.8102881221307989,0.7298810243461368,-0.7868993391460425,-0.8970474763209022,0.4726042646521052,0.8522389286015596,0.37920909803166875,-0.48650563139522374,1.0,0.04413381965054138,0.6136530135231505,0.1712382057408689,-0.047186251065674326,0.0
1998-06-19,-0.03287551328704575,-0.7091834976222655,-0.8531612584261655,0.7198551905677366,-0.881672442914746,-0.08084705754038893,0.04926948415818955,0.6308754972573185,-0.8017974281268563,-0.8221148306509585,0.6468793398044884,-0.7534597036026014,-0.8938255738595866,0.9984353478754296,0.0,0.0,-0.9939595259656159,1.0,0.6840369986931465,0.0,0.0,-0.2867433420904617,0.0,0.09043863057103578,-0.8538263179281091,-0.8201663861954677,0.7515691091193869,-0.8013064500771424,-0.9327455667344493,0.6917782860947737,0.2522172385710816,0.1122256544928298,-0.7047563275984444,1.0,-0.14686330138431858,0.22848756214623717,0.06375883327190876,0.06326841539742885,0.0
1998-03-20,0.8486627493128417,-0.8332601191463994,0.6973254986256834,0.9932844895190152,-0.06426803593253856,0.8448260527470782,1.0,0.06807877908651322,-0.26914174458049384,-0.3637179941107873,0.37976502760241326,-0.3923570450395229,-0.38920186847364563,0.7587917926784424,0.0,0.0,-0.8192160616829889,1.0,-0.04979935198355407,0.0,0.0,0.05314830954571284,0.0,0.17940402398227734,-0.6265850260375015,-0.7379335714769767,0.4386261516999223,-0.628658542439031,-0.7833730544491894,0.43942164952322493,0.0,0.0,-0.32287137935470195,1.0,0.0798790928868957,-0.078825973738817,-0.01786404133165336,0.01021106765954295,0.0
1997-12-19,0.03133454762521679,-0.28813392964982815,-0.4860913995017827,0.31015922370395876,-0.33024413800225644,-0.12800443508619902,0.30692971038667793,0.012201589666844953,-0.59463563591664,-0.46961235639715204,0.5521342250179735,-0.5344061932202123,-0.7706510883048617,0.7850212556314928,0.0,0.0,-0.8893637447752876,1.0,-0.150968376988038,0.0,0.0,0.08382500576568676,0.0,-0.0136558168464147,-0.7675559217221056,-0.7311206375245725,0.6721366995437567,-0.7176546627255445,-0.8431918272896312,0.5132018286319014,0.1482140256661305,0.0659487675371992,-0.48658715443758566,1.0,-0.18567291284966783,0.13426941628650774,0.03746751571995335,0.09340891092742852,0.0
1997-09-19,0.07166445482216649,-0.6045783632539706,-0.7367006974803161,0.579166527647166,-0.6986451027684374,-0.10151575562596458,0.6775680015986861,0.9106743960366581,-0.6270303196471647,-0.6820501806821488,0.46543278032120167,-0.593400854200492,-0.8281589277732304,0.8645367371300793,0.0,0.0,-1.0,1.0,0.9836914257985421,-0.05266537065602845,-0.010935809582086117,-0.5334652850257506,0.0,0.46139623791956447,-0.6776548013342362,-0.7391985593810251,0.5761092802431578,-0.6844814252581273,-0.8733823287033622,0.9849419068112707,0.0,0.0,-0.9502196009088291,1.0,0.06695742452091677,0.0,0.0,-0.025946538490835665,0.0
1997-06-20,1.0,-0.7180823306335498,1.0,1.0,0.13050115212192526,1.0,1.0,-0.022065267938109583,-0.6342208095915735,-0.5783051700257201,0.6409058392644202,-0.6326008906482135,-0.8226672284133172,0.519913111587121,0.23480577374133496,0.009081784158667776,-0.6749024012194509,1.0,-0.20624333645161919,0.04312746730977835,0.011520827694917605,0.0872884022179398,0.0,-0.039648643631354105,-0.6563698525404191,-0.684657194707707,0.6723189893428019,-0.6905026939564114,-0.8292557651783447,0.28027834632299387,0.0,0.3445597982273522,-0.24214704821969046,0.0,-0.06875744292820177,-0.28651322150745634,0.02107054762385219,0.08196062785935194,-0.5
1997-03-21,0.10117147625651433,-0.7447587736335896,-0.3180223768845242,0.9282794083152048,-0.6855930398787594,0.3000134979772244,-0.25570607037727433,0.39909517677909934,-0.7807745130161914,-0.7327247267445703,0.666673515148437,-0.720198679312383,-0.8442449584679368,0.6285420743607281,0.0,0.0,-0.7901098128710047,1.0,0.29990557405396095,0.0,0.0,-0.18727198127890907,0.0,0.14425077243705248,-0.8168987657439649,-0.7971891880592794,0.6830701677484952,-0.7608499640983009,-0.9050536804807545,0.5386044245812878,0.0290202917366539,0.01291276223691183,-0.5949699315496806,1.0,-0.00019481062885790915,0.02628993858328962,0.007336135915301458,-0.02070893749252671,0.0
1996-12-20,0.3927026901709335,-0.8170049962261767,-0.0809360421277991,0.9475344551646946,-0.5435871609660008,0.42955743325405626,0.7269524085820949,0.4109540730902633,-0.8629570520187148,-0.9202516153214834,0.7925184667020695,-0.874203438345166,-0.9338182773913515,0.5234740179149612,0.0,0.0,-0.6759849145100729,1.0,0.32398372404893605,0.0,0.0,-0.24275799119441133,0.0,0.17067876460297293,-0.95771463158153,-0.9176601785840641,0.8910384306265922,-0.913109458221595,-0.9828323686976586,0.4126597999164455,0.0,0.0,-0.40439211803771846,1.0,-0.017142067324622347,0.0,0.0,0.0004868041307910881,0.0
1996-09-20,0.4615625485127735,-0.835666389882062,-0.07687490297445303,0.9211537286840401,-0.5210040934039208,0.4165162010701237,1.0,-0.0887134986064331,-0.7608715021642077,-0.6912723803914208,0.7311471031472538,-0.7317907696393504,-0.7450683048132579,0.4099704916358575,0.0,0.0,-0.5280464408411006,1.0,-0.3625447807231792,0.0,0.0,0.12070878574119706,0.0,-0.1867213392423626,-0.7314891949803914,-0.7489040783456068,0.6360628664466539,-0.7127354372245999,-0.7352480212409664,0.10803044172365873,0.0,0.018424883229159434,-0.028086601186281417,0.0,-0.1901565106243762,0.0,0.010467740760089932,0.1413529630754128,-0.5
1996-06-21,0.11753871539611345,-0.876867985172957,-0.5598891711911269,0.7662831881338636,-0.7230703610336856,0.0865286345733233,0.4201252173913008,0.20586560017660083,-0.7334022822065082,-0.7526839633344692,0.685818878464016,-0.7394361778536475,-0.7911005418449805,0.6009238778955988,0.0,0.0,-0.6873636744653766,1.0,0.19112805538079727,0.0,0.0,-0.028710799882649643,0.0,0.0980482012204711,-0.859156223095539,-0.8611833221039367,0.8316256314271221,-0.8565920701911978,-0.8733907039917744,0.4850546130179816,0.0,0.0,-0.45375862532943995,1.0,-0.07293940969247868,0.0,0.0,0.03580048646571477,0.0
1996-03-15,0.2777179893087143,-0.7366661876090734,-0.06889339061368391,1.0,-0.5752165282173265,0.46555330469315803,0.19306634281870536,0.16672957507527955,-0.8388997991589443,-0.883755779934586,0.8563507520721122,-0.8888704160989527,-0.8962364397957208,0.49725709648642746,0.0,0.0,-0.6391380234852142,1.0,0.10569315660304435,0.0,0.0,-0.017627017519088236,0.0,-0.0007069708461047756,-0.8022872629111928,-0.8445471634508083,0.811115956988905,-0.839007438521012,-0.8859314752344986,0.5245737746346643,0.0,0.0,-0.4693148121849665,1.0,-0.06814164094630258,0.0,0.0,0.06646717601760646,0.0
1995-12-15,0.2822035983866433,-0.9196116659451948,-0.3310373833871363,0.8163067961045614,-0.6097131752358406,0.2295339500176894,0.7620650909060984,0.2456712128700645,-0.9999999999999999,-0.9867831945328732,0.9023393368713739,-0.9617902021102284,-1.0000000000000002,0.46022885991920087,0.0,0.0,-0.6283959916605161,1.0,0.15129103490369272,0.0,0.0,-0.10513678421459051,0.0,0.07831733950790012,-0.9784998297454672,-0.9710029120880401,0.8786251933729429,-0.9394980169592656,-0.9905782207856377,0.5385578489785742,0.0,0.0,-0.5787034411498363,1.0,-0.0858262638216347,0.0,0.0,0.042494739053352805,0.0
1995-09-15,0.3082665270540787,-1.0,-0.37807492210310345,1.0,-0.7793480862590301,0.3109625389484483,0.9826602142914935,0.35671260139965166,-0.8621795386176871,-0.9206873696878207,0.7891980142011187,-0.8726808512733916,-0.8816941974339277,0.4072259937832764,0.0,0.0,-0.5643248757864583,1.0,0.36031583052020555,0.0,0.0,-0.23870772328918669,0.0,0.05655390538280389,-0.8677870844460789,-0.9231985461150671,0.7869228376328716,-0.8752073461172518,-0.8788391339866183,0.5095929574376825,0.0,0.0,-0.5962715151271003,1.0,-0.004662726756747026,0.0,0.0,-0.00011653604519567619,0.0
1995-06-16,0.3538021954714501,-0.8914876379449111,-0.2923956090570998,1.0,-0.7227798572973266,0.3538021954714501,1.0,0.37797989967154777,-0.9820404370944823,-0.9831250912563217,0.9096730209149675,-0.9635899577542367,-0.9553919702172639,0.2809939817947671,0.0,0.0,-0.4188546646405908,1.0,0.40450832405542825,0.0,0.0,-0.31971802124011245,0.0,0.11935132970341787,-1.0000000000000002,-0.9627296123563042,0.910912551399032,-0.9473014712203959,-0.9539412853211269,0.38204441683210827,0.0,0.0,-0.4375804441376642,1.0,0.12386708791829118,0.0,0.0,-0.045755559439240555,0.0
1995-03-17,0.379664345222644,-0.9595485552439119,-0.24067130955471203,1.0,-0.6886298167202767,0.379664345222644,1.0,-0.0007812070753122525,-0.8679662199542627,-0.8086523899944438,0.922496130344692,-0.8858240733220931,-0.924829476238333,0.13927969869514292,0.0,0.0,-0.22401619265452347,1.0,-0.08557881512527678,0.0,0.0,0.02204898363752091,0.0,0.08559147331496125,-0.9913135836041904,-0.9570046561591654,0.9673841698434811,-0.9659225702969555,-0.9893720758965249,0.035237539424901834,0.0,-0.0468473582809808,-0.06180106030904065,1.0,0.12240115230629701,0.0,-0.029391608749395347,-0.060936681597227274,1.0
1994-12-16,-0.06581177602063572,-0.8298562868611099,-0.7807016857973187,0.5798434403035939,-0.7282066325671184,-0.12168609776129026,-0.05720413644360112,0.10449074370153501,-0.874289307136345,-0.8721332099275022,0.9430123995425632,-0.9266523950817382,-0.9282035655552514,0.1843543085341563,0.0,0.0,-0.2531174967210581,1.0,-0.06169149068042688,-0.09032977074458697,-0.018756711671281522,-0.04317360488712818,0.0,0.09029133015318902,-0.8627040223682866,-0.8384177726151089,0.9270687687045781,-0.8807013206843262,-0.9242585058005458,0.03749606515703856,0.0,-0.0766413797252103,-0.04926367874001165,1.0,-0.08125713532823903,0.0,-0.07860071622511682,0.03888305851943485,0.0
1994-09-16,0.22905435452691417,-0.9188280839223225,-0.41824229510658056,0.9880260031761106,-0.7968346207341804,0.28403788441862576,0.5846800000000008,0.04920350160560371,-0.8884077820134665,-0.8765325813227071,0.8793406489166454,-0.8968934474641725,-0.9429300724169251,0.21684739538908343,0.40273051242889724,0.015576753202065958,-0.22680718998979998,1.0,-0.03223567183989252,-0.10876324934884006,-0.02258436937957291,0.005440813035938755,0.0,0.18512828636847062,-0.8945234743853397,-0.8659418397058838,0.9093271652489933,-0.8898430492731825,-0.9283573253700338,-0.004255126476607159,0.0,0.0,0.018561025993504742,-1.0,-0.01805087135923772,0.5816532953573186,0.16230877135013594,0.021995783139713548,-0.5
1994-06-17,0.13875607316069638,-0.9091673930551685,-0.6219477582019514,0.8621791275256502,-0.8363878832625424,0.11028648232499304,0.6245222104778749,-0.18838906606637937,-0.7922129798677975,-0.7347958154802026,0.8359003571568823,-0.8063246836082066,-0.8438874429331701,0.23382601713039405,0.8876457157182307,0.03433223413151542,-0.23398823548064882,1.0,-0.1891070343920443,0.16303650024157687,0.04355264856556338,0.15526216657314512,0.0,-0.10137637663933452,-0.7755708303038136,-0.7557258258352041,0.7496305410351224,-0.7621890743782707,-0.8672264914905735,-0.09334955551982033,0.0,0.0,0.06166894037213262,-1.0,-0.19370304936049584,0.0,0.0,0.12215100283606507,-1.0
1994-03-18,-0.038732779392662724,-0.8767375744589107,-0.8239372951557877,0.7521527544479323,-0.8867433153949135,-0.04999098042836542,-0.15218596744916768,0.0993361051331434,-0.9737748630536394,-0.964703711844854,0.9999999999999999,-1.0,-0.97249793286752,0.33342923996721774,0.0,0.0,-0.43891067516105076,1.0,0.002469222901450913,0.0,0.0,-0.010826228208928639,0.0,0.12486699316951874,-0.9869630905689505,-1.0,0.9902496245286901,-1.0,-1.0000000000000002,0.20303126467919605,0.0,0.0,-0.23148640730061484,1.0,0.06636043493225538,0.0,0.0,-0.04671072417414813,0.0
1993-12-17,0.03853639997862475,-0.9567566627752278,-0.8555194468163222,0.8746400610881073,-1.0,0.0006198020993258055,0.5314374996770028,0.145358433176887,-0.9803351557274326,-0.964423361201701,0.9732790085333861,-0.9864111538582558,-0.9834958377762164,0.3325641795160901,0.0,0.0,-0.4323130934751065,1.0,0.1120128388562062,0.0,0.0,-0.05417794282456566,0.0,0.09799085910810694,-0.953556941773125,-0.9267590809042399,0.9784678865630603,-0.9524707074458454,-0.9628734192420492,0.19950751732481165,0.0,0.0,-0.20459531308290194,1.0,0.04364317136724793,-0.019389532149775564,-0.004394178559375582,-0.00398257715567232,0.0
1993-09-17,0.1506038643772508,-0.9898772607254366,-0.5773329363543831,1.0,-0.9109046145725641,0.21133353182280845,0.42527182580305206,0.09260918910692922,-0.8804442322690385,-0.8965609301405996,0.9290093888270466,-0.9312684754412588,-0.9261023828454104,0.29332192364032256,0.0,0.0,-0.399296663702575,1.0,0.02785458804705967,0.0,0.0,-0.009618515699035227,0.0,-0.004027655479691661,-0.9080373968787764,-0.9178467505718152,0.9757810897037311,-0.9462715857587336,-0.9683252125237328,0.10910370176625109,0.0,-0.006600718472423199,-0.12087033890360394,1.0,0.07625440209192975,0.0,-0.00676946580806611,-0.011221472256444473,0.5
1993-06-18,0.08734806037867296,-0.8858017236769433,-0.5581361027460517,0.9197623808022669,-0.837698523611501,0.17509069815276834,-0.001479074347617293,0.008478752196875175,-0.8032475813866685,-0.8068109081054687,0.8911118421960513,-0.869007806385262,-0.8640593631966271,0.28356342735883805,0.0,0.0,-0.393435070745428,1.0,0.12873647482901698,0.0,0.0,0.03656417649075005,0.0,-0.08655978518293017,-0.8778368047557789,-0.827890883280389,0.9608798424859881,-0.8878181151282805,-0.9192247700012816,0.0756047650025326,0.0,0.40429873256479104,-0.07258183588457415,0.0,-0.15901519662684124,0.0,0.22969449898186606,0.09635048337763345,-0.5
1993-03-19,0.1852002573582039,-0.8104970710674297,-0.4676973413243959,0.9030045946883565,-0.7653457830700647,0.21073604266558998,0.4965206713057726,0.21362389870510146,-0.949737134546108,-0.9485440106585818,0.952217300725012,-0.9682527036183465,-0.9846129173495731,0.23846226094460357,0.0,0.0,-0.44169422116672125,1.0,-0.06606573556810864,0.0,0.0,-0.12862708379264254,0.0,-0.03000736724546043,-0.9884054404400853,-0.9145204286330292,0.9633095349071129,-0.9394842898930427,-0.9670802557439664,0.26018792619630376,0.0,0.0,-0.23280725167135605,1.0,-0.04894633443658228,0.0,0.0,0.056122682879170556,0.0
1992-12-18,0.3767797687521485,-0.9350360668307632,-0.24644046249570298,1.0,-0.6924387964246987,0.3767797687521485,1.0,0.024411814540973412,-0.856883543292041,-0.8361525937728232,0.8819743046278306,-0.8783209132426285,-0.8607034936606411,0.27325927525358495,0.0,0.0,-0.36330794702122726,1.0,-0.08101117549541353,0.0,0.0,0.03111442599206884,0.0,-0.0021754296964860468,-0.8649551090102854,-0.8518559188823551,0.8165234840290521,-0.8447292361447266,-0.8492780487331002,0.06760056115938314,-0.1379778829315909,-0.014571771746540419,-0.0574195842865203,0.0,-0.09923795489749902,-0.1379778829315909,-0.014944299020366512,0.0573892637135059,-0.5
1992-09-18,0.158014626960624,-0.8906241096545667,-0.6187006878636665,0.9785178704078749,-0.9220106868196601,0.17837651420281359,0.6783502943988143,0.02535210171977525,-0.8792421892955549,-0.8547742941072498,0.8972940038889301,-0.895427780890703,-0.9523366316558707,0.31592809606759353,0.0,0.0,-0.40437425586051723,1.0,-0.11587312305371063,0.0,0.0,0.03609309863905147,0.0,0.16061629232658844,-0.9112026829502162,-0.9429584246443244,0.8153670250990728,-0.8982785968120304,-0.9423191125820727,0.11895539163254391,0.0,0.0,-0.11333497379879266,1.0,0.15344737253596935,0.0,0.0,-0.07142991747892945,0.5
1992-06-19,-0.06571170420449256,-0.884245439377361,-0.7341853183417844,0.8020043679085858,-0.8650945300618131,0.019788738180468127,-0.6908134626354783,-0.0513296078365574,-0.8001484823138831,-0.7556602818349923,0.8475016298976721,-0.822505445536256,-0.8852666638323976,0.37695880565183193,0.0,0.0,-0.45201165518313574,1.0,-0.13994289810164645,0.0,0.0,0.08206749390153525,0.0,0.10877183873856863,-0.782184656465032,-0.8423365096199296,0.7800027572459326,-0.8253307328419245,-0.8975825696648349,0.16655982232709887,0.0,0.0,-0.1704503275807101,1.0,-0.10139845527292729,0.0,0.0,0.03315748388151654,0.0
1992-03-20,-0.05054326954888664,-0.8766274701098585,-0.9544063146253982,0.719715937210065,-0.948412620931079,-0.12816313592174813,0.11933317170178694,0.3272237387554903,-0.6839506680183102,-0.7883733958432005,0.6185171374778249,-0.7222667757230073,-0.761677225344975,0.45066713548134146,0.0,0.0,-0.5603282621192903,1.0,0.4083858434022994,0.0,0.0,-0.2186620084023453,0.0,0.17644583715209947,-0.7603215517298558,-0.912487051640002,0.5467769302530628,-0.77425482061053,-0.8775370096991179,0.461772688476313,0.0,0.0,-0.4664253634094246,1.0,0.31464035187927,0.0,0.032474909890909974,-0.23545803047343458,0.0
1991-12-20,0.042433073718489304,-0.7358835539604079,-0.6052531834573828,0.7651532524137145,-0.7521687060241344,0.063201075059063,0.06534565119422697,0.034501714212725264,-0.7756916101388002,-0.7807917796899361,0.8672533792860636,-0.8441721408929402,-0.8420863719976605,0.3075944134034097,0.0,0.0,-0.42707405444820756,1.0,-0.15126434212987572,0.0,0.0,0.03432001176833789,0.0,-0.015883325731646535,-0.8784134115466937,-0.8611193985411446,0.9037567904943148,-0.8848783600474646,-0.964496292271873,0.2394139315963326,0.0,0.0066390477033419805,-0.19524620618001318,0.0,-0.031231872085694324,0.0,0.003771846442015405,0.05546355152251911,-0.5
1991-09-20,0.10533598887030943,-0.7691838312067645,-0.526516235469331,0.8823603236069152,-0.7886057444172649,0.16953213794390423,0.13534995768470082,0.020253807656465693,-0.7443834350948026,-0.7182147309483522,0.7859776466938335,-0.7734331146076499,-0.8743210740805796,0.38726578059958094,0.0,0.0,-0.4723712488430484,1.0,0.12390296014529202,0.0,0.0,0.036127360235589344,0.0,0.20929298467195798,-0.8119661009095851,-0.8364386491009564,0.7982572391715292,-0.8288686324760172,-0.8903096221285159,0.24650795786068103,-0.163805990912723,-0.03619736548430088,-0.34692185482419446,1.0,-0.02259777213462349,-0.17234411687292803,-0.03905771512936199,0.003107012977762922,0.0
1991-06-21,-0.016833456123489726,-0.7713633048524614,-0.6725559544026042,0.7229753307957627,-0.7647848837284809,0.005452655194078672,-0.13640652531187825,0.5136515901330732,-0.6449409541204184,-0.6185360750041976,0.6024063407217006,-0.6319917841401738,-0.8463453202081611,0.3438579738210353,0.0,0.0,-0.5200538682608443,1.0,0.32727902039836404,0.0,0.0,-0.40384209956698514,0.0,0.08052267480404654,-0.7348225827271593,-0.7973595390243412,0.6802509621352145,-0.7594492193437756,-0.9092605900907414,0.4016325851858706,0.0,0.0,-0.5320286850966983,1.0,-0.008390296475535025,0.0,0.0,-0.04084051199486998,0.0
1991-03-15,0.7146363279504374,-0.7002807973060777,0.5374357239521437,0.8814467628288942,-0.08546135979278151,0.7009861833192588,0.8706878744061128,0.25402724021464623,-0.6082254126560004,-0.6591266404985836,0.5528575854770443,-0.6263685426686848,-0.7746564742491712,0.21325911896672203,0.0,0.007729866513054495,-0.24554586801578424,0.0,0.26504244592079873,0.0,-0.1582348878755714,-0.2522330296844595,0.0,0.011504323136445976,-0.662106862537782,-0.7849128014334198,0.673745276532067,-0.7490343006100747,-0.7742833890015914,0.13246785537975353,0.0,0.0,-0.07001984709020619,0.0,0.17089263240664987,0.0,0.5265643988057838,-0.0908401836999686,0.0
1990-12-21,0.5094055573472834,-0.7288557107383353,0.01881111469456679,0.9066824539974558,-0.4469119035887062,0.4560915003910457,1.0,-0.455160974985497,-0.3903722828821652,-0.22157384940455307,0.41366828449711773,-0.34359243536935713,-0.666078086358548,0.07374338668996447,0.0,0.21288336135937266,-0.016963206944399425,0.0,-0.633800888371684,0.0,0.2700562447297788,0.3315948321539836,-1.0,-0.015786462650771733,-0.4982759410270681,-0.5237772006810207,0.3782541314004312,-0.47853711828651896,-0.8126548705864154,-0.2587655471335403,0.0,0.0,0.20951517328145858,-1.0,0.11204050899576411,0.0,0.0,-0.015401751328701642,0.0
1990-09-21,-0.5986978061445892,-0.5289089871488449,-0.9119710525554301,-0.31850003995661236,-0.1371593361151968,-0.6619025133967534,-0.8264407876228936,0.29712326037316866,-0.7475063742979391,-0.7437554882417172,0.7137074101113644,-0.7491719941852659,-0.8306014473093405,0.4075681506476476,0.0,0.0,-0.4546179395182581,1.0,0.11840090745550055,-0.4808282400617374,-0.0998425722539343,-0.17077152365321854,0.0,-0.04612428546960435,-0.809002656437845,-0.7655637570720989,0.7561950806454328,-0.7709211658301303,-0.8505226490282805,0.12270929274317496,0.0626062819675264,0.027857060877257107,-0.10708288394263504,1.0,-0.09292581375709684,0.056716015221015804,0.015826449914194327,0.0424208021785457,0.0
1990-06-15,0.4760271498000563,-0.8015123666379198,0.10587633215360419,0.8198061565055696,-0.32388867258658693,0.44999005774395406,0.7654745364324878,-0.03922801899780295,-0.7464084882470073,-0.6564711113161915,0.7047945460974657,-0.7024636888374021,-0.8371194095583337,0.39834826972847637,0.8410861114184768,0.03253140841064045,-0.4025857389409543,1.0,-0.1275953683500143,0.1544847607319433,0.04126818524026236,0.07337029762926896,0.0,-0.02245320638913427,-0.8672863658667307,-0.831814403167792,0.8298310345893712,-0.8387365990827718,-0.9385500487105125,0.04404197219144679,0.47497781768662767,0.21134438217408,0.010691059302580798,0.0,-0.10968007172880273,1.0,0.2790472823684892,0.0697907217078292,-0.5
1990-03-16,0.04671564727087825,-0.7406319057874291,-0.9065687054582435,0.5209478698186041,-0.7668769131531112,-0.21181779123300534,1.0,-0.07617063842311077,-0.7405898140985874,-0.7238137987759342,0.724126930474523,-0.7445350375077744,-0.8084142690475562,0.465553119868349,0.0,0.0,-0.4994233699113028,1.0,-0.2264634211843971,0.0,0.0,0.10738454135980512,0.0,-0.08582703886498655,-0.7267764802658567,-0.7665710783874524,0.6877977714659218,-0.7444394777790533,-0.8279529617343984,0.16221371981159488,0.0,0.0,-0.10892484726526905,0.0,-0.1620546955774735,0.0,0.0,0.11119861500021466,-0.5
1989-12-15,0.049275559633437944,-0.8394224870608694,-0.8151345946148388,0.578886936896006,-0.75021875100342,-0.1382627695569091,0.7408154216408065,0.13472997065398087,-0.5677032955639183,-0.7296318365575333,0.7071585409613823,-0.7379964730812119,-0.5668486938524502,0.584832059846099,0.0,0.0,-0.641154627983406,1.0,0.06465880248041853,0.0,0.0,0.017445638372400363,0.0,0.0025203557535669933,-0.5135492687513867,-0.7957449668277653,0.6443079696321588,-0.7427456339744092,-0.5250328933755203,0.45393359965214647,0.37948382764973265,0.16885372771787394,-0.46298852067585083,1.0,-0.06575235451834407,0.3437803662622124,0.09593097693711423,0.043700195238986536,0.0
1989-09-15,0.15654149622408084,-0.8028201942142523,-0.39058188615399014,0.9332953547838696,-0.7372832129812696,0.26659944724465523,0.13559222333000798,0.34128016701324065,-0.8036974873357716,-0.8849326276678409,0.7627630781463608,-0.8422007754916995,-0.8913918659493137,0.5621796809093008,0.0,0.0,-0.664180216611722,1.0,0.28173410866020115,0.0,0.0,-0.18921063258840234,0.0,0.191502485964995,-0.8264742285272567,-0.9229791842915877,0.7040698284316251,-0.842781145316239,-0.8993525902766586,0.6130905635873254,0.0,0.0,-0.692605119069581,1.0,0.17148108755782332,0.0,0.0,-0.09223368088570957,0.0
1989-06-16,0.21766940745881633,-0.8429004147428635,-0.3570041824930406,0.8565596213677829,-0.6572242536035328,0.23954774135394444,0.4852943541845789,0.3222282565956009,-0.7629439029514478,-0.8091041114986842,0.8105793448229632,-0.8297012795851053,-0.8659680955496505,0.46347776339815183,0.0,0.0,-0.5488738901367591,1.0,0.4669323481373169,0.0,0.0,-0.222938982350923,0.0,0.5676135095950643,-0.8741991655920334,-0.8903436771834776,0.8079245861889172,-0.8643466335733397,-0.8709058386592122,0.5145142596409904,0.0,0.0,-0.5823743005504523,1.0,0.3412035944239469,0.0,0.0,-0.1962419767702968,0.0
1989-03-17,0.12136529171517033,-0.7599170547448535,-0.47929082762468356,0.9253339698598573,-0.7898455847080442,0.2176964886046035,0.08261731658955984,0.042081748902592,-0.8245628075241411,-0.8058328831828069,0.8920345513254788,-0.8690690735118997,-0.8988404360675789,0.299894027199841,0.0,0.0,-0.4130132636418865,1.0,-0.10611528197982291,0.4078012561059383,0.10893772109595339,0.009519588429242883,0.0,0.2506594967144017,-0.9126237163672293,-0.9234043090932634,0.8868527170251569,-0.914580239454127,-0.9373362752641482,0.4312920701535678,0.0,0.0,-0.3787970422497367,1.0,0.36500858756731164,0.0,0.0,-0.12225105939606423,0.0
1988-12-16,-0.13052806679498422,-0.8196273679046442,-1.0,0.29723770590413157,-0.6597950015278279,-0.37468800293713406,0.2570570852102201,0.307500154354654,-0.7065718835030722,-0.7412266936950457,0.7097053467623314,-0.7455283965164251,-0.8177404289682284,0.3557852536230572,-0.4078012561059383,-0.2185086180760801,-0.42557767214352077,1.0,0.2564047343703836,-0.49798899973761535,-0.21469046171349002,-0.25283708526916254,1.0,0.40969308804535653,-0.8063467781871967,-0.9182945252411049,0.6752445933898603,-0.8283941653140089,-0.8683035149760641,0.22164975440806745,0.0,-0.4694283188242436,-0.39105025721738745,1.0,0.24625260353402323,0.0,-0.4725309173691805,-0.22118452251834927,0.0
1988-09-16,0.15576444731404845,-0.7258556064665316,-0.5869508857546224,0.7513826622603125,-0.7296963291827685,0.06448482855759641,0.7087474999999995,0.05191182081960176,-0.6225673273250617,-0.6500190011496593,0.6499222123347441,-0.6711133837831602,-0.800321095941609,0.2659571562668469,0.0,0.0924176555178527,-0.27149692572773476,0.0,-0.10828860879874946,0.0,-0.006127895148737912,0.007282135430223188,0.0,-0.13538289390826566,-0.7504149670844158,-0.781302353358798,0.6968340909963078,-0.7567763016153365,-0.8985649093861364,-0.02489005724263864,1.0,0.44495632070446917,0.03360081840490474,-1.0,-0.017430531016775098,0.9059157234482339,0.9128981488262784,0.06292957058926153,-0.5
1988-06-17,0.23258203055347657,-0.65641577991503,-0.36845252890038416,0.6404095937588321,-0.5017179823680382,0.11033302026636477,0.6807774425158971,0.22239918683697585,-0.537701027363921,-0.5636654948217863,0.5366751295101478,-0.5726276260055315,-0.7236064976923061,0.3229930802214834,0.0,0.09750664510477353,-0.28110823665673307,0.0,-0.03515764159993276,0.0,-0.14590223786646012,-0.16303005336970527,0.0,0.05013395399685005,-0.5690634219246364,-0.6341206481529393,0.6886248958165336,-0.6672346885159064,-0.7332560539794776,-0.08106090130576481,0.0,0.0,0.10343863342980873,0.0,-0.22414736991128564,0.0,0.0,0.10448571239497555,0.0
1988-03-18,0.5733431769884242,-0.6956219891641237,0.15134389400112483,1.0,-0.4298088131098881,0.5756719470005625,0.9919093851132688,-0.022875779024247894,0.18263382442567794,0.12061043024810066,-0.12484696400552604,0.10017200026627687,-0.17925233804426818,0.3415107119000362,0.0,0.2186730409370817,-0.18175654430247318,0.0,0.05011666055579319,0.0,0.07411690113213244,0.03190213664469139,0.0,-0.07911253295572777,-0.2769259494548793,-0.5603717030547077,0.17511965664525922,-0.4193909636347642,-0.5098399121185366,-0.26028483500082156,0.0,0.0,0.2469192966717795,-1.0,0.0715750897615298,0.0,-1.0,-0.05298485708322944,0.0
1987-12-18,0.021738751893986184,0.08436710078826577,-0.6517174430601689,0.01636357244164429,-0.21795461510766276,-0.3619284548225905,0.5859252277725406,-0.6516764604597296,0.7314412604547745,0.15048999012957748,0.32753618759440734,-0.10862170448220348,1.0,0.32395298514967574,0.0,0.16024723018667103,-0.22386251136797763,0.0,-1.0,0.0,0.20328392475683502,0.5037803497413735,-1.0,-0.8101692582274982,1.0,0.2503099297544007,0.04982673680542755,0.1246537183783564,1.0,-0.5492596157098846,0.0,0.0,0.4325913705227505,-1.0,-1.0,-0.39483157336635794,-0.08947923141461975,0.6767503983258313,-1.0
1987-09-18,0.10375703464392441,-0.7079790337823705,0.020865278249713116,1.0,-0.5159549777794032,0.5104326391248566,-0.5934545454545492,0.3961769269455095,-0.7272248681849525,-0.6458832579683851,0.6563896494399636,-0.6728222851309633,-0.7807802325596025,0.8506558820410354,0.0,0.0,-0.8887759323939122,1.0,0.5457220308027093,0.0,0.0,-0.15288624973681927,0.0,0.05461820917304809,-0.8749394425312116,-0.8779659847008434,0.8448692538254047,-0.8718668571604424,-0.9552931869660253,0.6055878688162454,0.0,0.0,-0.6150379313156272,1.0,-0.08161504763189781,0.0,0.0,0.04409122777197263,0.0
1987-06-19,0.5189460881202844,-0.7158705129961481,0.037892176240568766,0.881863566124898,-0.4155904619118465,0.45145253697126164,1.0,0.16993239289225756,-0.5547468185832488,-0.5177490681893817,0.4983103393615524,-0.5303426133985678,-0.6441860559777164,0.6594691949747888,0.0,0.0,-0.7956059472586955,1.0,0.017620212831768498,0.0,0.0,0.021982631367398506,0.0,-0.17788548175274982,-0.5281403269558642,-0.5588011316288775,0.5132580037895159,-0.5527390636047937,-0.7261147195737142,0.37963002497978365,0.8462012931660453,0.3765226139825274,-0.39579973443448285,1.0,-0.3937317967704695,0.766587056681349,0.21391403486578942,0.20474921367868426,0.0
1987-03-20,0.596569898325338,-0.7800770906450223,0.19313979665067596,0.9817713583570012,-0.38846202524257445,0.5861555348918719,1.0,0.5371030796306958,-0.6734195815918506,-0.772587640070675,0.5870604305175404,-0.6988219464195237,-0.7259240487839083,0.6532961802776309,0.0,0.0,-0.824619676422909,1.0,0.5736012792576989,0.0,0.0,-0.3292569994662386,0.0,0.7464127837550502,-0.7264116902384417,-0.8057801073707044,0.5156466450972538,-0.6990931593614232,-0.7309157049475266,0.7129502590078707,0.0,0.0,-0.6685318072372213,1.0,0.43599215885279147,0.0,0.0,-0.27787792045688164,0.0
1986-12-19,0.2763479205252663,-0.742853027714903,-0.2415492170369685,0.937587329818867,-0.6421249584212032,0.34356786730340366,0.5040650406504052,-0.026936014772990038,-0.6018784012693351,-0.6285350520232417,0.6927780459238715,-0.6828741254706285,-0.6915631504207534,0.452342357473496,0.0,0.0,-0.6239680821903137,1.0,-0.25649902776074546,0.0,0.0,0.08078888919522151,0.0,0.20645242476076306,-0.8209758828830538,-0.8392615584867407,0.7651174416789227,-0.8176223674788048,-0.8779099293030503,0.28833728275968673,0.0,0.0,-0.16928167764183596,0.0,0.27705137556669845,0.0,-0.01721821535201478,-0.09387992649408862,0.0
1986-09-19,-0.16751662597577885,-0.587208540737022,-0.3495371736931143,0.6005528650925418,-0.45916131087319684,0.09701980436465628,-0.8670112262521554,-0.02820440825887253,-0.6561576577795326,-0.6850085129165904,0.7168324779697871,-0.7226337694534397,-0.8008153881565586,0.5874411384448979,0.0,0.0,-0.7305971254296084,1.0,-0.2650649864862195,0.0,0.0,0.09385609296758657,0.0,-0.1354974433310389,-0.7320446486544618,-0.7663846247605814,0.774740146493593,-0.7788420665863021,-0.8160028437242798,0.4026958238110097,0.0,0.0,-0.4162761515415472,1.0,-0.2692514337963642,0.0,0.0,0.12442749691009312,0.0
1986-06-20,0.125332742995124,-0.7132020487779986,-0.7303806378552475,0.6047949093216062,-0.7138065968306052,-0.08490261344162657,0.947437616663857,0.6981888736133732,-0.7256297109913826,-0.7925811692397287,0.5670328607624562,-0.6988978019288908,-0.8752286912935199,0.7270516346916588,0.0,0.0,-0.8544728897210176,1.0,0.6071727764930972,0.0,0.0,-0.4139273668042217,0.0,0.11046256161631941,-0.7415974994283906,-0.7984126301110703,0.6566265384311661,-0.7511236664632505,-0.8883073725478984,0.7968691638547365,0.0,0.0,-0.8672767210243373,1.0,0.02003100772503285,0.0,0.0,-0.018872487252553933,0.0
1986-03-21,0.74831524205783,-0.8044044635249449,0.6751582458671908,1.0,-0.08396978690439083,0.8375791229335954,0.7868526604074815,0.40530236202137015,-0.7571846408428317,-0.8418480544100566,0.78343929512671,-0.8318567942995773,-0.8556503259707494,0.5143364700797751,0.0,0.0,-0.6022225619211264,1.0,0.27815308860814586,0.0,0.0,-0.2424786015422031,0.0,-0.05470019637120212,-0.7543963413605695,-0.8189829860504036,0.8136037267641498,-0.8251072586811837,-0.8465811033889636,0.4748932254119016,0.0,0.0,-0.4240967114204706,1.0,-0.151324392895403,0.0,0.0,0.10570898066832812,0.0
1985-12-20,0.7169400140344575,-0.8576433473690195,0.5000025912761935,1.0,-0.1996131647582789,0.7500012956380967,0.9118367346938756,-0.08373328005070572,-0.8414690030281982,-0.8404076068097327,0.9603088687669592,-0.9201187339427046,-0.9426989219112992,0.4168891168365615,0.0,0.0,-0.4544543503246949,1.0,0.053818862211459186,0.0,0.0,0.09441758626601258,0.0,0.2732351934777552,-0.8451865280861164,-0.8772389000585296,0.870023415461902,-0.8810436165046187,-0.9561680942766977,0.14074159581612114,-0.050114333955676514,-0.011074117937252053,-0.1553316879532248,0.0,0.12870399830462428,-0.050114333955676514,-0.04002275429827821,-0.12643417952817487,0.0
1985-09-20,-0.27025266849785573,-0.8923003679906941,-1.0,0.4234609390560491,-0.7550185418903175,-0.3073902387410537,-0.8749998867752606,0.22546838382382053,-0.8788987182236826,-0.9093733624512149,0.9022508995165162,-0.9242140202701724,-0.9521858557211005,0.39803437140371023,0.0,0.0,-0.5790712003494625,1.0,0.02668311389523869,0.0,0.0,-0.09548460689642212,0.0,0.022793278068648597,-0.9450620859569351,-0.9578203710166762,0.8818260505303989,-0.9329244286460258,-0.9526794601864167,0.42675438620730044,0.0,0.0,-0.45054733878437797,1.0,0.08700829585321525,0.0,0.0,0.012132593313447623,0.0
1985-06-21,0.23411662135886246,-0.861282553990538,-0.44038892576647803,0.7898699018326758,-0.6619664222079117,0.1597542873592168,0.7714736012608392,0.10945851327392987,-0.8864031883336192,-0.8271407235775367,0.9404770371963829,-0.9035657078341733,-0.9506747327105387,0.38868628600804056,0.0,0.0,-0.5208821910664441,1.0,0.22127887449341224,0.0,0.0,-0.010622215420747764,0.0,0.06689604511233063,-0.956938230776037,-0.9188168283510916,0.9868230619420806,-0.9512562839658707,-0.9904613185021008,0.42969179579996725,0.0,0.0,-0.40137272635411725,1.0,0.09887505821804682,0.0,0.0,-0.003896914376344434,0.0
1985-03-15,0.17457108946121241,-0.8248557944841454,-0.1938217899771834,1.0,-0.6576982621128713,0.4030891050114083,-0.1338337489609317,0.08040236350749082,-0.7804826603778237,-0.7588598598880475,0.8935266365692217,-0.8466360805982577,-0.8905659553122065,0.2541599867768705,0.0,0.0,-0.43110295890437755,1.0,-0.029327335456352088,0.0,0.0,-0.01612091679405748,0.0,0.2791098306151602,-0.7689535819464751,-0.8852784386660946,0.772689132632601,-0.8468635146771641,-0.8635857788170603,0.23008454965167954,0.0,0.0,-0.3282982857767001,1.0,0.3220753299821467,0.0,0.22055687614537672,-0.23280749431845885,0.5
1984-12-21,0.007640462544541028,-0.7923600132388815,-0.6443705033393171,0.7884580301658974,-0.7955764742548271,0.05695686991953769,-0.13953720930232927,0.37482725937019135,-0.6826326970364283,-0.6822880081327464,0.7697893231815286,-0.7465962964937535,-0.7806864907722101,0.23563216072687546,0.0,0.0,-0.375890862844774,1.0,0.29986496391811895,0.0,-0.10255084058000419,-0.31578073822652397,1.0,-0.017583222882308694,-0.8510071998402353,-0.801206774937538,0.9250373333911863,-0.8576805820353505,-0.897582338452997,0.14303997888825098,0.0,0.0,-0.16609385591568082,1.0,-0.046438602687517,0.0,0.0,0.021648712571675728,0.0
1984-09-21,0.5497801031632443,-0.6737198564806732,0.3425569370063789,0.9335428007631815,-0.2534281355219362,0.6333102293344571,0.657387580299782,-0.17963136380014794,-0.7824109889432774,-0.7128419637191377,0.834416913987958,-0.7948529619508607,-0.8851653249651604,0.13057833151932632,0.0,0.08516466864631371,-0.18345179957257507,0.0,-0.35992632702180655,0.0,0.10803686324481658,0.1425720349288126,-1.0,-0.046840471158890305,-0.8703644281738705,-0.8416433565547471,0.8789998845708203,-0.8638687883951963,-0.9761846902103961,-0.1317846651067814,0.0,0.0,0.10337897879286051,-1.0,-0.04792320600113476,0.0,0.0,0.030039046555498414,0.0
1984-06-15,-0.2858135012466944,-0.8169370649341863,-0.7181019523362696,0.4283729975066111,-0.5726060998855036,-0.17323519526686498,-1.0,-0.1626715008006305,-0.7215380924738471,-0.6048853307527279,0.8235456158698427,-0.7374644350280183,-0.8630156002403762,0.2970785140717667,0.5840996614836825,0.022591723228192025,-0.34436189950031315,1.0,-0.23405439044256685,0.10728330336561723,0.028659054883489802,0.13655291707963002,0.0,0.058798669208819154,-0.8205720244209117,-0.8188306696051278,0.8399862824336264,-0.8347641451126618,-0.8747031427996681,-0.04956425711989546,0.0,1.0,0.04882027081899978,-1.0,-0.040979521137054935,0.0,0.27682392258994465,0.01031000946244845,0.0
1984-03-16,-0.20976741505455923,-0.7360445428539155,-1.0,0.2794155101221321,-0.646349833494833,-0.38419016746931517,-0.16442925431333,0.006297210695797073,-0.8772284459166033,-0.8586143440838896,0.9535399538877772,-0.9253559250692406,-0.952615528713553,0.420355639548008,0.0,0.0,-0.5245909761070121,1.0,-0.17728301709892558,0.0,0.0,0.05927211671681925,0.0,0.14565352029288722,-0.8998026840765209,-0.9379412406766324,0.9247600890206255,-0.9379276996583631,-0.9471697308497481,0.146299239786791,-0.06000395983011632,-0.01325949833930847,-0.11670451269207174,0.0,0.0582347970900417,-0.06000395983011632,-0.08751954729785615,-0.07312847514847459,0.0
1983-12-16,-0.1077724726463034,-0.8914786245264452,-0.8644022966357991,0.7402562316558202,-0.9044848005905312,-0.07521511115349706,-0.766400000000004,-0.057468202283971,-0.7341469837497657,-0.7071030724223237,0.7986746072208981,-0.7744584602980324,-0.8560187878635049,0.5137311182236525,0.0,0.0,-0.6028211530439671,1.0,-0.22016057580413384,0.0,0.0,0.09763263999850529,0.0,-0.07572266278401714,-0.8228678110570529,-0.862853337679027,0.8027217303928481,-0.8463221505855206,-0.9429860930477272,0.3713346257098238,0.3309195721276752,0.14724475526302758,-0.2661594825751685,0.0,-0.1795356915599027,0.2997852435872229,0.0836542575171901,0.05890009448790958,-0.5
1983-09-16,-0.07852990951181962,-0.7496529848105321,-0.8885157717914619,0.42232863131904125,-0.680558861215452,-0.25597442408123117,0.2458156424531768,0.21220730416351896,-0.7095440876136676,-0.7703826413999696,0.7608006148176577,-0.7855708838856931,-0.8460842784642354,0.6296903312809595,0.0,0.0,-0.7316813848861308,1.0,0.3069019280352244,0.0,0.0,-0.026051225125728893,0.0,-0.03216036056733398,-0.74317444650518,-0.8216644069099831,0.8617082570158627,-0.8448894904261357,-0.8528616782605771,0.7374876528155777,0.0,0.0,-0.6904270099409184,1.0,-0.1305677611151437,0.0,0.0,0.07345470552279329,0.0
1983-06-17,0.31167586009293685,-0.778539676732384,-0.37593260619738106,0.8991600862504088,-0.7018594438799348,0.25442197075324685,0.9980638915779307,0.4629645949698027,-0.6633588183764251,-0.7256678818169344,0.6626150186741037,-0.71455507906766,-0.8200812889536907,0.5221711922991751,0.0,0.0,-0.7158055800842172,1.0,0.4328840818920982,0.0,0.0,-0.2970021100338333,0.0,0.4036172463694479,-0.8544607929316843,-0.9175515101389152,0.764859266687914,-0.8635063219167497,-0.9457781379250219,1.0,0.0,0.0,-0.919032404894975,1.0,0.5664629739858661,-0.044954053002651026,-0.010187772161566525,-0.15609362659607354,0.0
1983-03-18,0.24142796079860102,-0.6476625259253408,-0.2162552072031138,0.7289882940377681,-0.4680567179037444,0.23703834700023385,0.44963357664233605,0.145330473491693,-0.3876304064953115,-0.3303936439818484,0.5945413719628091,-0.4875937606896754,-0.6551276499560738,0.3705158277925804,0.0,0.0,-0.5348103485011633,1.0,0.15152068858911424,0.0,0.0,-0.04195799717130065,0.0,0.235025099106751,-0.6786172494196135,-0.7248125621359399,0.6584458345358222,-0.7077587518261848,-0.835156797769932,0.49931663921650293,0.0,0.0,-0.7265623296120597,1.0,-0.06193945470656401,-0.04156479897444003,-0.009419677951350397,-0.07138368429437354,0.0
1982-12-17,-0.04849012900620944,-0.40102358279876743,-0.653499218398508,0.5729934610886277,-0.6390558219448175,-0.0659844747273435,-0.0961317184026582,1.0,-0.37228797551486276,-0.46772916901605377,0.3591278107617642,-0.43317699674394616,-0.6622264135542519,0.31743250544486673,0.0,0.0,-0.5092408418942386,1.0,1.0,0.0,-0.12807354866078394,-1.0,1.0,1.0,-0.5711482526235231,-0.738703091892417,0.377951414496109,-0.6043288079797994,-0.7880250835591218,0.9412531833510567,0.0,0.0,-1.0,1.0,0.9971467943665391,0.0,0.9143241400912923,-0.4538008855964464,0.0
1982-09-17,0.5876221799900777,-0.44594029157690085,0.3549390160755425,0.2091656059604412,0.30122127389950726,0.22565104802782526,0.8408779149519865,-0.2078613199811487,-0.8001882934121065,-0.6759832942678607,0.9038576771955429,-0.8122268114677827,-0.9420511023545951,-0.06905252628666458,0.0,0.10636033085993016,0.06542709389505663,0.0,-0.10393262500607472,0.09612417621891493,0.16060299365477884,0.13509210884485115,0.0,0.14788829660222658,-0.8571775530425724,-0.8467359760854033,0.793505139024438,-0.8329732734468906,-0.9404754115483361,-0.12351408802608263,-0.15328482679208777,0.1714360264177783,0.09618719660733124,-1.0,0.28807288515348856,-0.15328482679208777,0.09739805995845663,-0.2629253890555632,0.0
1982-06-18,-0.4810412276706926,-0.8376126622164023,-0.9196805966565389,0.0379175446586149,-0.41113292064548723,-0.4754706025877992,-1.0,0.11355924470770092,-0.6512338977714436,-0.10937965051511778,0.20642377378123186,-0.1837619697505858,-0.7666829697906336,0.021836995583144062,-0.09612417621891493,-0.05150538551514493,-0.07813464924177604,0.0,0.030806265647483115,-0.1173826260932958,-0.28649399391857827,-0.14994110689644485,0.0,0.47589508379673395,-0.8210050805986511,-0.6655581313538765,0.39052613782886464,-0.5678768250429527,-0.9346849262543971,-0.034973161532177555,0.0,-0.15719449431144678,0.019618376803097547,0.0,0.5283144675082827,0.0,-0.161213170793956,-0.4282991864356335,0.5
1982-03-19,-0.20769352164140933,-0.6621444808826047,-0.500487107623476,0.2998507698126081,-0.3319718884641989,-0.14021770213925341,-0.4992343032159273,-0.08963041344495963,-0.6980798758231711,-0.13545050844927686,0.3584956436743902,-0.27480179626921575,-0.9085891933348913,0.011044417058575961,0.0,0.21768079983512703,0.008648513893894816,0.0,-0.10056220036013891,0.0,0.14158875797485823,0.07641744379983705,0.0,-0.21067235208396062,-0.7981286504754384,-0.4502033779868574,0.5403116702908825,-0.5008003070828592,-0.8959973105940884,-0.2273715632175383,0.0,0.0,0.18200049807965532,-1.0,-0.2042024624821675,0.0,0.20917560090022994,0.16384611037974212,-0.5
1981-12-18,0.2613681081920032,-0.7401585919408747,-0.249776726485918,0.9627236750493221,-0.666520028763131,0.3538149760895446,0.42612942612942817,-0.2533924210241066,-0.6285358031403433,-0.020532474266347207,0.2586551927833274,-0.16721887130299767,-0.8088110684319547,0.06401081930603043,0.0,0.10606741811700826,-0.08761885578098924,0.0,-0.32347290630922443,0.0,0.13455334621716988,0.1904967775682158,-1.0,0.41105193084273106,-0.7059523026071298,-0.44766116813044343,0.1575570433145635,-0.3452848953796231,-0.8320921663730783,-0.1930762896858779,0.0,0.0,0.1646180756981184,-1.0,0.2600429017586188,0.0,0.0,-0.20235127466126113,0.0
1981-09-18,-0.47711969156213585,-0.7041143716388587,-0.5182803823419879,0.04576061687572832,-0.1520324913350764,-0.28399208454760827,-1.0,-0.16318345155121364,-0.8155792294624582,-0.1321658518869565,0.338184995558327,-0.2630718616009623,-0.9922675178976934,0.23438493612496628,0.0,0.0,-0.3390456216965802,1.0,-0.23969319985800705,0.0,0.0,0.13977672178559405,0.0,-0.11151741652774327,-0.8661327213434238,-0.4998740573989343,0.47882413980342,-0.5055155756611012,-0.9830034431554889,-0.013995061800544793,0.0,0.16370634492230088,0.03979909977577473,-1.0,-0.1725785666538565,0.0,0.09300659103860648,0.08461545548960353,-1.0
1981-06-19,-0.10669230258992031,-0.8290774217095838,-0.9711152560726204,0.5962800445015721,-0.8663236451477486,-0.2017713277560208,-0.11265357478955418,0.15153253249201648,-0.7172277625264453,-0.07924747940701483,0.22922732387560382,-0.18153372017409364,-0.9660755888090361,0.3606320388553382,0.0,0.0,-0.5235296300743625,1.0,0.08081829896397134,-0.08573609502830558,-0.0178028483966222,-0.04287942828766319,0.0,0.028934790073643874,-0.8005878159181873,-0.4884092675803451,0.3622447588022467,-0.4523251744850244,-0.9774923719434576,0.3594193873292696,0.0,0.0,-0.32832113745203123,1.0,-0.001149978558843977,0.0,0.0,0.01083722595618879,0.0
1981-03-20,0.1697044429677848,-0.7430643518635774,-0.6076971043313195,0.7183907438605294,-0.7185043528146193,0.035262820085662096,0.8518541380915319,0.011761578462591718,-0.5585384775898031,0.05590661103097418,0.11710974562109415,-0.058725841593744936,-0.8665542141666182,0.33231838838657574,0.3822498518460069,0.01478460513910714,-0.49739859668813347,1.0,-0.07234484784952191,0.07020895494595837,0.018755223133384055,0.05326483932873962,0.0,-0.16738132421490703,-0.7589882675658506,-0.4574014577242564,0.28213498051192,-0.4021597426359139,-0.8793360558055888,0.2667540956554507,0.0,0.48531242746422376,-0.2578192887142804,0.0,-0.23405460890292623,0.0,0.2757208615740685,0.11723351535649049,-0.5
1980-12-19,0.17020061995770033,-0.569726419949834,-0.05660071172004289,0.7245299854197361,-0.35928432826826445,0.3143184797588725,0.041461700632461795,0.3018201082275883,-0.6305164038502903,-0.15364130644261303,0.19807881099381072,-0.2019093112565936,-0.9334267474303556,0.37042262932408354,0.0,0.0,-0.5677000813662294,1.0,0.21309113394931972,0.0,0.0,-0.17385584440135346,0.0,0.22024991890292708,-0.6601000270579672,-0.44285398185616975,0.25263085825762027,-0.3820143387161452,-0.9469740329953068,0.4232738914444687,0.0,0.0,-0.5902372137082544,1.0,-0.18702612621540463,0.0,0.0,0.05366990646299337,0.0
1980-09-19,0.40256119503997223,-0.7382607883056838,-0.19487760992005557,0.9966724080302644,-0.6558849935708808,0.40066007959704397,1.0,0.5969883855665175,-0.7511034645843396,-0.26284359222241205,0.20909067956015828,-0.26055875652628246,-0.9704406489235521,0.29576889419260105,0.0,0.0,-0.4617510737450184,1.0,0.4921150594505346,-0.17724413191900387,-0.036804223573550524,-0.5371925143663786,0.0,0.3276360079148038,-0.7939816393556016,-0.5840476513877836,0.3747712310622966,-0.5137999788221055,-0.9938545906198997,0.6540918402148878,0.0,0.0,-0.5923371191686184,1.0,0.4914683065612072,0.0,1.0,-0.1652036639447902,0.0
1980-06-20,0.48582846054862866,-0.7937549630730599,0.2118417779977029,0.9579595650518222,-0.35815062245684093,0.5819024033088072,0.6187175043327555,-0.24554119558557166,-0.47485066488794997,0.2144839169276252,0.04314201478616737,0.05746487257235761,-0.789035609973842,0.12336271932484909,0.7902336016615326,0.030564542306028068,-0.13438207447646178,1.0,-0.2427795040743974,0.14514453064637997,0.03877308900208695,0.18791135975610188,0.0,0.3537989383347322,-0.555542548927498,-0.3337408289687799,0.09543075499347457,-0.252867231867375,-0.7691648567837939,-0.007231883064260936,0.0,0.34728628529822136,0.025188156732507346,-1.0,0.22881034388502877,0.0,-0.11840616725035065,-0.18645359616438104,0.0
1980-03-21,-0.4996857788246851,-0.6091322727696118,-0.5119053018921431,-0.003793555692066659,-0.11043950320424038,-0.30743794835134436,-0.9938195302843014,0.5211281954608556,-0.7513402680313115,-0.2969300130825184,0.3045201895132702,-0.3253600594763851,-0.8880819976577389,0.25123538742668183,0.0,0.0,-0.3823964822023842,1.0,0.5712683216535608,-0.15745050412341605,-0.032694134879311776,-0.5057849192053897,0.0,0.4254197540784448,-0.804976241022933,-0.5466322812663602,0.3543395967782379,-0.483207470417482,-0.8792937546118832,0.4541208672090843,0.0,0.0,-0.49914459341489065,1.0,0.3585568405229515,0.0,0.0,-0.20611925103492254,0.0
