,q1c,q1cstd,q1high,q1low,q1range,q1middle,q0c,q0cstd,q0high,q0low,q0spanmean,q0spanstd,q0lixt,q0lixc72,q0lixc288,q0lixd,q0lixm,q0lixtv,q0lixc72v,q0lixc288v,q0lixdv,q0lixmv,m0c,m0cstd,m0high,m0low,m0spanmean,m0spanstd,m0lixt,m0lixc72,m0lixc288,m0lixd,m0lixm,m0lixtv,m0lixc72v,m0lixc288v,m0lixdv,m0lixmv
2015-03-20,2.7429320349712683,0.8242853773283664,3.1956905461013374,-2.769739941183058,5.9654304872843955,0.21297530245913965,4.440649491303961,0.8129396275019679,0.4451986996772664,-0.5351863567189612,0.987037092925965,0.5745935238627555,32.300570202943284,0.0,0.0,-19.985072094174406,1.0,-0.916905664456074,0.0,0.0,-0.6473484231181104,0.0,-1.7689812495489399,0.8932465886434475,0.5931153101677149,-0.571646494178782,1.1731383358925551,0.5913193433497883,5.122899218402196,0.0,0.0,-3.827464936021785,1.0,-2.1624068473466966,0.0,0.0,1.8399016500171066,0.0
2014-12-19,5.399115442468383,0.7566336543671014,5.639381560219081,-0.15015728858399635,5.789538848803078,2.744612135817542,-0.695533134277182,0.820467115361079,0.4875909228071291,-0.5205670791681369,1.0148483845450424,0.5467679962547843,33.21747586739936,0.0,0.0,-19.337723671056295,1.0,-9.253030897847133,0.0,0.0,3.36685651472769,0.0,-0.9214020316352545,1.1154415247124017,0.7313065461775143,-0.6879257962414086,1.4310702763253256,0.5527623779621121,4.23258752521607,-1.3876779500829106,-1.3876779500829106,-2.8624719025396317,1.0,-2.0071147854330746,-1.3876779500829106,-1.3876779500829106,2.6869053703117434,0.0
2014-09-19,1.6205531145387475,0.5483096290695223,1.6690771303579321,-3.4761477320806478,5.14522486243858,-0.9035353008613578,6.168291765930101,0.4628488335225058,0.2291584288401663,-0.409952843466145,0.6420708540700579,0.2813280344818419,42.47050676524649,0.0,0.0,-22.704580185783986,1.0,5.240093973910952,0.0,0.0,-1.6111222863981816,0.0,0.8863011155005873,0.4984933633483962,0.24573086813005585,-0.3430298991661002,0.590982148677047,0.2804091438563842,7.621349352830888,0.0,0.0,-6.110578617098272,1.0,-1.3137851397210518,0.0,0.0,0.9437364901352829,0.0
2014-06-20,5.338090529804762,0.43508630224882705,5.338090529804762,0.0,5.338090529804762,2.669045264902381,4.083694729151266,0.7714934234586478,0.48087973874456724,-0.5142286283555471,1.0003452611826682,0.4379106866217985,37.23041279133554,0.0,0.0,-21.093457899385804,1.0,11.355758805858432,0.0,0.0,-0.49164301209868455,0.0,0.3111519040492672,0.7907197548563468,0.5205000955783996,-0.45396779522973046,0.9788456743502101,0.4260017639415256,5.505403948953355,0.0,0.0,-4.5999844939829115,1.0,-2.0965418067444874,0.0,0.0,1.4678710484187336,0.0
2014-03-21,4.2579681669904,0.7561721718309862,4.901440439226268,-2.7034742370571463,7.604914676283414,1.0989831010845608,1.7343186696634483,0.6305026764805152,0.3266801407328099,-0.38354478528704067,0.7137599023334598,0.4212925335767306,25.874653985477106,0.0,0.0,-20.60181488728712,1.0,0.001869004818122022,0.0,0.0,1.2518227388410352,0.0,-2.775604401264209,0.6855707476436594,0.35893044254077777,-0.3306403844585625,0.6918637189523366,0.4299024213631411,6.470281905712255,0.1549385974229045,0.1549385974229045,-4.493107571333255,1.0,-3.1585277119389197,0.1549385974229045,0.1549385974229045,3.4123083143763893,0.0
2013-12-20,3.3271353264672676,0.5900056024622937,3.3271353264672676,-0.7171391634459345,4.044274489913202,1.3049980815106665,4.026837655226134,0.6763248624872311,0.3567409958670637,-0.4612938214940327,0.8224989510353937,0.3179827995294409,25.872784980658984,0.0,0.0,-21.853637626128155,1.0,1.7330300330416613,0.0,0.0,-0.8595422053007908,0.0,4.020689818235557,0.7573043171098245,0.3304944456869591,-0.5243772686589654,0.8602801617607856,0.32910504974084087,9.474379833964122,0.0,0.0,-7.9778490055753775,1.0,1.011724519589153,0.0,0.0,-1.135804527865603,0.0
2013-09-20,1.0794200800470888,0.6163920973035494,2.002187189995741,-3.6159985385156412,5.618185728511382,-0.8069056742599501,6.914882109634934,0.7698618054933402,0.4363031161384451,-0.5337443970354688,0.9756341218159957,0.4441868480962967,24.139754947617323,0.0,0.0,-20.994095420827364,1.0,4.209929535953265,0.0,0.0,-3.1334676405297976,0.0,5.314763827325897,0.5477366652394023,0.3084123175645974,-0.5156882121251631,0.8289505488728226,0.33170780754264034,10.54106808420469,0.0,0.0,-8.429505192243681,1.0,6.708817286259488,-1.137871795111689,-1.137871795111689,-4.00689484688629,0.0
2013-06-21,0.6440274588180417,0.8671998988148981,5.4934801641563835,0.0,5.4934801641563835,2.7467400820781918,5.274926286126758,0.7301544604752834,0.36779653739851675,-0.5366288930873686,0.9096052855404311,0.43752570705134564,19.92982541166406,0.0,0.0,-17.860627780297566,1.0,2.000436229148349,0.0,0.0,-2.423636996759715,0.0,0.8316424715289816,0.8419818990142532,0.4178306034015576,-0.608105910902327,1.0322954646245845,0.4361834563626776,8.336616907619483,0.0,0.0,-6.891473649384528,1.0,-0.592860362504922,0.0,0.0,0.25510857182644564,0.0
2013-03-15,5.028329520294061,0.6230228021392881,5.198589553003274,0.0,5.198589553003274,2.599294776501637,3.68339454015425,0.810962426874896,0.4737601088577949,-0.5740640528019356,1.0552165064267538,0.5375900297969212,16.95618419173354,0.0,0.0,-14.603623359775975,1.0,-2.206737298734133,0.0,14.69026150882462,-1.8888453365742635,0.0,3.9037834646186598,0.8287948576657121,0.2796300069889494,-0.6286097841367906,0.9166054995434187,0.5253661403628408,7.42011343555411,0.0,0.0,-5.917961376851988,1.0,5.054984479800947,0.014529053713163709,-0.1437386042291211,-3.8746112497155094,1.0
2012-12-21,1.2897205811742696,0.8209322130273078,2.468242381471275,-4.151025007480136,6.619267388951411,-0.8413913130044306,1.8737758077110422,0.6508531987770894,0.42703513846402624,-0.4615222921448772,0.8939345376609975,0.4329047142309153,16.2932556226673,0.0,-13.424138554658827,-11.28516762276367,1.0,2.0283130067280943,0.0,-1.6368582768216289,-0.053195625508529076,0.0,-1.9942179126595794,0.6762669860535904,0.5753340472357794,-0.3932465908607583,0.9724560189709405,0.33722871779636815,4.5675081404563995,0.46810521164553087,0.46810521164553087,-2.768961655181057,1.0,-5.554992243301741,0.46810521164553087,0.46810521164553087,4.835955702721928,0.0
2012-09-21,5.352211924187622,0.6115780485565423,5.757704115335183,-1.5130176305335197,7.270721745868702,2.1223432424008317,-1.2391702858793763,1.0142646782658031,0.6164153016469023,-0.7137585461447278,1.3406212943459055,0.4771418236568071,14.264942615939205,0.0,-11.787280277837198,-11.23197199725514,1.0,2.664656896020654,0.0,-11.787280277837198,1.90879243799721,0.0,1.7479546804790802,1.0114110095312916,0.4464707744916492,-0.8377396934758139,1.2968948958798483,0.5076560623370334,4.0895556799421335,0.0,0.0,-4.778148115681391,1.0,3.0232207864142864,0.0,3.419618332036589,-3.1995093417951375,1.0
2012-06-15,-2.5889940170545245,0.9637144429602511,1.979639137785072,-7.28964823493905,9.269287372724122,-2.655004548576989,4.800896318934433,0.7073401917057612,0.3905466080708117,-0.5665205385610528,0.9632903918474257,0.3841504253959126,9.609413298167109,0.0,0.0,-11.666019288240626,1.0,3.121539361462095,0.0,0.0,-3.0206182470322265,0.0,-1.3298852726691957,0.8190456923906144,0.51041382542022,-0.5274944278695131,1.044129207325395,0.39053418608774804,3.486432070517302,0.16753729151626207,0.16753729151626207,-5.204904892849804,1.0,-4.8409437789653245,0.16753729151626207,0.16753729151626207,3.0856563595536457,0.0
2012-03-16,6.750143684714671,0.6106786011184483,6.750143684714671,-0.2257879852210043,6.975931669935676,3.2621778497468332,6.228952150211997,1.480237183506068,0.7571700528840454,-0.8928564177920275,1.6687819740831669,0.8528412255261426,6.4878739367050136,0.0,0.0,-8.6454010412084,1.0,4.122530146601868,0.0,4.955219352889367,-5.422427594635781,0.0,3.9554931584801833,0.8875297402443404,0.3520650496966318,-0.7622904007161924,1.125542435447067,0.5848135542180936,6.370844627580918,0.0,0.0,-4.608374394417558,1.0,6.182045131219309,0.0,0.0,-6.603382743279306,1.0
2011-12-16,-1.5013099131839236,1.7125513358461715,3.7827555017161396,-6.426808802745809,10.20956430446195,-1.322026650514835,-7.938173292022821,2.219089952475231,1.335228327436972,-1.3218613971259439,2.6993821242035523,1.3068141750078952,2.3653437901031458,0.0,-4.955219352889367,-3.222973446572619,1.0,-6.637013569470516,0.0,9.834656553567362,7.1137178026513315,0.0,8.959631963269544,1.8661988010857515,1.1540775470869264,-1.3252515023854303,2.517022199273449,0.9282932087955721,2.4974997019070835,-2.5578435403907807,-0.8055563790370165,0.22206890673972524,0.0,3.794464092620217,-2.5578435403907807,-2.8553118552138232,-2.8401803786530566,1.0
2011-09-16,-9.59167953500053,2.41014028922742,0.0,-16.77001506639284,16.77001506639284,-8.38500753319642,0.5712677025228263,0.8624094482062551,0.5453269195964311,-0.5846271369967351,1.137064880626625,0.41222281162530555,9.002357359573661,0.0,-14.789875906456729,-10.33669124922395,1.0,-4.8109449336188295,0.0,-1.4056220427144712,0.47429662184964627,0.0,6.036506998167335,0.9129592103649987,0.48950192339749693,-0.727040873377014,1.2264078750813052,0.4044838541876186,7.4856574224137296,0.0,0.0,-5.408007149127602,1.0,6.728470143540722,0.0,0.0,-4.541644992430459,1.0
2011-06-17,-4.9260494399497645,0.7986237219914983,1.961296714471561,-5.380666676636414,7.341963391107975,-1.7096849810824266,4.210076817860675,0.8274545070099567,0.4300339558550942,-0.5821855935244433,1.0187774947641108,0.482117168841844,13.813302293192491,0.0,-13.384253863742257,-10.810987871073596,1.0,0.11568181826074309,0.0,-4.617299162402732,-2.3713839894593303,0.0,1.7947898540573215,0.5988039563749519,0.36478597462634793,-0.49869909349279246,0.8685704482181559,0.2999968214594405,7.939467078033469,0.0,0.0,-7.482060497619248,1.0,2.807695250160976,-0.5624810714332407,-0.5624810714332407,-2.413621591738103,0.0
2011-03-18,-0.322594776523899,0.9335126701729862,4.64877320526389,-2.0625690896882487,6.711342294952138,1.2931020577878205,8.475337541851392,0.6840930872488223,0.31067907888191393,-0.563145687862119,0.8798191150252588,0.3965035231234339,13.697620474931748,0.0,-8.766954701339525,-8.439603881614266,1.0,3.257116202593659,0.0,-8.766954701339525,-6.399518864182607,1.0,2.114942238994577,0.4408853233524956,0.2313635276801914,-0.45239017472198384,0.6875325902021955,0.31372876042794323,8.40170835895558,0.0,0.0,-8.512985973175692,1.0,-0.19118525976644563,0.0,0.0,-0.984104962524869,0.0
2010-12-17,5.141670221512329,0.7933032139834769,5.141670221512329,-0.40064832135268125,5.54231854286501,2.370510950079824,7.293266084923755,0.985506076026902,0.5219569239971917,-0.7339457445843119,1.2667561091274884,0.5011973396571258,10.440504272338089,0.0,0.0,-2.0400850174316587,0.0,7.494112007198641,0.0,0.0,-6.8956751375714,0.0,2.9956313651220645,0.8521340083655914,0.4939712648371897,-0.6785545223241485,1.1816424040771452,0.39325280808789276,8.121728749882587,0.0,0.0,-5.648288853690708,1.0,4.177882819969893,0.0,0.0,-3.397191354666773,0.0
2010-09-17,2.07951130685311,1.0583731893165207,2.2790351800454856,-5.027847069055358,7.306882249100844,-1.3744059445049364,-9.41607495195661,1.6798810684947887,1.0220171245507808,-1.076063474287451,2.1287536055852394,1.2148510654541549,2.946392265139448,0.0,0.0,4.855590120139741,0.0,-9.162525639029553,0.0,7.745444314485338,9.630836387343312,0.0,2.4053660759559614,1.4131911832012491,0.8776170778105604,-0.9338186915330554,1.8301307478220599,0.7102698649203087,1.3941031718419379,0.0,1.1113861905453604,-0.5854438991787281,0.0,-2.8927738483821215,0.0,-0.47538981776675815,1.0985399383190542,0.0
2010-06-18,-8.196143659729627,1.822159996168631,0.0,-13.703507482990563,13.703507482990563,-6.851753741495282,11.497034041391574,0.7820108984240403,0.4482081195714295,-0.6739056583601111,1.1303964077243487,0.5332893396048206,12.108917904169001,0.0,-7.745444314485338,-4.7752462672035705,0.0,10.261377489249181,0.0,-4.16220009986774,-10.507957446290995,0.0,4.345147935739568,0.576373139900146,0.3374594802771477,-0.6240726235642811,0.9681060544865662,0.35436251457035933,18.922886776927697,0.0,0.0,-11.200216394442819,1.0,6.0851236559809205,0.0,0.0,-1.5366800669685325,0.0
2010-03-19,6.241299312657511,0.8847089499832109,6.819259664951449,-3.207666490733607,10.026926155685057,1.8057965871089205,1.1263458897062595,1.0282145856457743,0.6059067791280006,-0.6113260244582593,1.2254235540017717,0.6083827215389377,1.8475404149198198,0.0,-3.583244214617598,5.732711179087424,0.0,3.6970402580600856,7.924731220045677,4.341487005428079,-1.4853912458556495,1.0,-3.082164851256397,0.9413639313249451,0.4560283002379718,-0.5494660113623293,1.0113452049438443,0.5629878572138252,7.679731835836187,0.0,0.0,-6.553212443444323,1.0,-2.0138943679019734,0.0,0.0,3.212354575506115,0.0
2009-12-18,2.118376289706836,1.0724524039625398,3.196555264849077,-4.020937458705809,7.217492723554886,-0.4121910969283662,10.246509504661638,0.9829363094420204,0.5646725035025959,-0.7976351871483817,1.373554883364828,0.4719562270143029,-1.849499843140266,-7.924731220045677,-7.924731220045677,7.218102424943074,-1.0,10.066768763915741,-1.4351996289074682,-1.4351996289074682,-12.430795609875656,0.0,3.3723338248530466,1.036226323574577,0.635243739830032,-0.6856958823364884,1.3302941665355106,0.4953183127779802,7.703655668781846,0.0,-13.543665571261986,-10.990126821530065,1.0,-0.9554796087021176,0.0,-2.6464706474721087,0.44409392921013335,0.0
2009-09-18,9.092584103378233,0.9404691460736782,9.139554264040651,-0.4197036494934525,9.559257913534104,4.359925307273599,13.048501276762515,1.4776731438017694,0.8275794503738572,-1.0698618066489827,1.9203552392795415,0.6482534201631678,-11.916268607056008,-6.489531591138209,-6.489531591138209,19.64889803481873,-1.0,9.698293477867168,-6.489531591138209,-6.489531591138209,-19.13638137805644,0.0,6.568722242491609,1.446947209296081,0.6454607756462619,-1.0413942165880141,1.706973586378911,0.679213686294119,7.071896884548573,0.0,0.0,-5.320802498535093,0.0,9.580322844213237,-0.07336468793601725,1.737128294568191,-7.210374221134252,0.0
2009-06-19,6.349353089811061,1.495088138592571,9.23311843813115,-1.2779527672316715,10.511071205362821,3.9775828354497396,4.120436274770922,2.5239990589964054,1.4956751885889847,-1.5935336497331996,3.1475642562226316,1.1254531644030288,-21.614562084923175,0.0,0.0,38.78527941287517,-1.0,8.679920418427187,0.0,0.0,-11.962399117956515,0.0,6.163440939284759,2.4289802330468278,1.132927040218065,-1.6269995809850624,2.815422275465128,1.1140014143490273,-6.398495967324976,0.0,0.0,11.02144608824338,0.0,10.721436493376647,0.0,0.0,-18.076446859639006,1.0
2009-03-20,-7.621855789147691,2.5443319815984755,5.065210588794922,-18.681408513956242,23.746619102751165,-6.808098962580661,-5.111946003810674,3.600923772651931,2.006415264124564,-2.1711766383553845,4.299967265910303,2.2681533811186174,-30.294482503350363,0.0,0.0,50.747678530831685,-1.0,1.382153130696011,0.0,0.0,2.157108846322693,0.0,-4.680336900553861,2.1551662301867336,1.3100377770697975,-1.4722888154146816,2.8297218631770678,1.1735249259102538,-20.162601451326505,0.0,0.0,31.266576277487346,-1.0,-1.446962886291658,0.0,0.0,2.1136988225391136,0.0
2008-12-19,1.267148710217092,4.195909841743741,14.710810937627649,-14.180459774388698,28.891270712016347,0.2651755816194754,-30.291151489225687,3.339356065517582,1.9905195892598369,-1.6495557614389116,3.733280533720932,2.895990543044685,-31.676635634046374,0.0,0.0,48.59056968450899,-1.0,-32.15634177573999,0.0,-5.708796495684387,43.74976207762407,-1.0,-27.73496373049753,4.598389831926859,3.502138126479375,-2.5096608329715595,6.19929770190352,2.913775345340894,-29.30564561321078,0.0,0.0,44.670934302416775,-1.0,-22.613829112713518,0.15795534121455512,0.15795534121455512,38.1351840881545,0.0
2008-09-19,-0.21308119026617334,2.0124042773162034,3.781320730653537,-8.059566148871266,11.840886879524803,-2.1391227091088645,-10.02117288147083,1.1309006591784265,0.8184268931328711,-0.6967404498308696,1.5270321554836848,0.6429869513408352,0.4797061416936188,0.0,5.708796495684387,4.840807606884923,0.0,-10.926475157966472,0.8509840662709767,5.517770925651988,10.91956375482609,0.0,-1.6129781442137836,1.2845820962194188,1.03407500266162,-0.8492274411659703,1.9009838391318903,0.6760685571863828,-8.222831364331896,0.0,0.0,9.629088559767474,-1.0,-2.6555872358244414,0.0,0.0,2.6545788770959486,0.0
2008-06-20,-5.716671558619124,1.0246295924084574,2.0596084400133607,-5.716671558619124,7.776279998632485,-1.8285315593028817,5.0525684088693845,1.4385010849521094,0.8779379411618771,-0.984876786583396,1.885586563256338,0.8241720844558028,11.40618129966009,-0.8509840662709767,0.19102557003239928,-6.078756147941167,0.0,5.4900693429117515,-0.8509840662709767,-5.549426471315455,-4.235551449997011,0.0,6.281838923111849,1.1505018496012953,0.61103025737602,-0.8564552466829711,1.4838790590931958,0.607024808633998,0.3298216627822673,0.0,-1.6155559176181722,1.169763684079017,0.0,6.861747932839162,0.0,-1.6155559176181722,-6.194547357025226,1.0
2008-03-21,-0.08266734867967696,1.5951404888862015,4.870702195765131,-4.301785679513803,9.172487875278934,0.28445825812566383,-13.331121098474785,1.40597519178478,0.9346234061473969,-0.852406893131445,1.806238677224391,0.9083572928891066,5.916111956748339,0.0,5.740452041347854,-1.8432046979441563,0.0,-13.558261304999757,0.0,5.740452041347854,14.204354708100386,-1.0,-10.002096801480553,1.3448563449881945,1.1155032615660951,-0.9471135809960908,2.0901810444970637,1.1246018330672969,-8.877578939885405,0.0,0.0,10.312760121451126,-1.0,-10.922854447122013,0.03144829124702708,-0.23862052647589116,10.585899629079387,-1.0
2007-12-21,-3.310149875394397,1.418006726338512,0.9183972776614757,-8.341153242252474,9.259550519913951,-3.7113779822954998,5.231850482602218,1.1661312539055013,0.6605367228253562,-0.7974289832855773,1.4719705038958029,0.7322690876358029,19.474373261748095,0.0,0.0,-16.04755940604454,1.0,3.934920260828644,-1.4555586993691305,-1.4555586993691305,-2.705406503466012,0.0,0.5587050925167869,0.7906906250665643,0.41521788201030085,-0.6131366501255906,1.0354029336303934,0.5363405494807523,4.360241644358669,-0.2522903481870453,-0.2522903481870453,-3.787178802145119,1.0,-0.8033426500561607,-0.2522903481870453,-0.2522903481870453,0.5990120589292385,0.0
2007-09-21,4.578638903959664,1.3517426152195726,4.80346018723945,-3.581342869232762,8.384803056472212,0.6110586590033442,-2.3506262206799744,0.8342009945734175,0.5189207165843944,-0.48103510319599546,1.0054600532571063,0.5521780885976395,15.539453000919451,1.4555586993691305,1.4555586993691305,-13.34215290257853,1.0,-5.800536932267626,1.4555586993691305,1.4555586993691305,4.197740939455997,0.0,-2.953406099090805,0.9644404511458163,0.6624731553297226,-0.5404609282290096,1.2105223376663226,0.7008861806931598,1.915312430351919,0.0,2.183572878333928,-0.6354928709855323,0.0,-3.8189403477523562,-0.34231440860563733,1.8412584697282908,4.266781893100225,-1.0
2007-06-15,3.271469037241448,0.6817297596040326,3.6938775045491257,-0.26543268454791713,3.959310189097043,1.7142224100006043,3.7644166375393473,0.77355836681774,0.3814413116910744,-0.5283467876653807,0.9157098939776027,0.6008906624702179,20.86490393771962,0.0,0.0,-17.168487706571657,1.0,2.2211401374396225,0.0,0.0,-1.2707906319120355,0.0,3.359073492692599,0.572088266568038,0.23440201700148666,-0.5922319059317949,0.83272040302879,0.37103430696106265,7.691132706493336,0.0,0.0,-6.789929517275595,1.0,5.868409116282548,0.0,0.0,-5.366888836665861,1.0
2007-03-16,-3.04439356868228,0.8460106780629731,2.0398497029010754,-3.9412792729814794,5.981128975882555,-0.9507147850402022,4.522871613661694,0.4458327293696226,0.2970566839651913,-0.4063283100157141,0.7066235894668265,0.27529214220026904,18.64376380028,0.0,0.0,-15.897697074659622,1.0,1.5757644818578207,0.0,0.0,-1.9413061371677411,0.0,1.3992450778357535,0.36555379377510266,0.3243295941760285,-0.36924951002317247,0.6965173921743459,0.2584063494294912,6.196842503073408,0.0,0.0,-6.0455457394811845,1.0,-2.1477595705925276,0.0,0.0,1.0365415606854658,0.0
2006-12-15,4.273709692732819,0.4801901448014418,4.273709692732819,-0.31418457276320977,4.587894265496029,1.9797625599848043,10.345156041082149,0.5024046717404009,0.31355368681417933,-0.46856043201677444,0.7865054812706982,0.3373799568875799,17.067999318422178,0.0,0.0,-13.95639093749188,1.0,11.107793720526118,0.0,10.099785619835089,-7.524359597088637,0.0,4.0934566065778055,0.43301033665219923,0.23253079100917612,-0.4528251484044014,0.6891466450187268,0.2769914909972219,7.0857235644536045,0.0,0.0,-5.77752012605014,1.0,3.4213132682856044,0.0,0.0,-2.2351781196244485,0.0
2006-09-15,6.399308826183914,0.5421670443667552,6.399308826183914,0.0,6.399308826183914,3.199654413091957,-5.4137932688565265,0.8377510402563928,0.5774605825208997,-0.5142288330266529,1.0984003785016776,0.4440369929756414,5.960205597896059,0.0,-10.099785619835089,-6.432031340403244,1.0,-6.467505682703224,0.0,4.603396377495784,5.8759064920397055,0.0,-0.33828525512252794,0.8602656886633189,0.5615177580545838,-0.5012459903861362,1.0695784195859375,0.4028141541126801,-0.5998851847568955,0.0,1.5321316888193937,1.753040494705993,-1.0,-0.5466717880733889,0.0,0.6493349185232478,0.8888755702674889,-1.0
2006-06-16,-4.555852955375195,0.822026712620549,1.104262984924742,-6.679739490885095,7.784002475809837,-2.7877382529801764,3.9469231143086425,0.5420980670592077,0.41824093496229536,-0.4103458777451316,0.8323865504610031,0.33004321344819765,12.427711280599283,0.0,-14.703181997330873,-12.30793783244295,1.0,6.382410896068218,0.0,-3.9780515742675178,-2.4911007563770173,0.0,0.6393246340736125,0.5568028116886482,0.45344136171694416,-0.37976046234354444,0.8369457268803906,0.3652262818312167,3.48236948933163,0.0,0.0,-4.223748001208927,1.0,-1.669500071680297,0.0,0.0,0.5639470778321609,0.0
2006-03-17,3.6274572420507356,0.53064321568712,3.6274572420507356,-0.5319075104194937,4.159364752470229,1.547774865815621,6.943092267900508,0.6363870504318562,0.3717523159768817,-0.4359700299588346,0.8121428467022437,0.36554034865140517,6.045300384531065,0.0,-10.725130423063355,-9.816837076065932,1.0,7.4358175827765125,0.0,-6.933184569930261,-5.702872117621471,0.0,-0.5651663826754305,0.6798636064964327,0.3975597375447924,-0.35101358598578314,0.7519155723728864,0.4199608402808543,3.537935189082369,0.12113750502293907,0.12113750502293907,-2.8479876471076415,1.0,-1.3507690394929264,0.12113750502293907,0.12113750502293907,1.4081655033373104,0.0
2005-12-16,7.437328413363842,0.5980127339456219,7.8968135003725015,-0.05849066349727927,7.955304163869781,3.919161418437611,-4.384449598581086,0.6290340574676767,0.4846367615515445,-0.39795823534567093,0.8867556712628099,0.3682470979716199,-1.3905171982454476,0.0,-3.791945853133094,-4.113964958444461,1.0,-7.5246145562993005,0.0,3.474948253424171,4.610400706882311,0.0,-2.9375761196891004,0.7090457140087724,0.588209190463055,-0.46115271718153694,1.0550895159533855,0.4315136390595918,-0.8838370814292983,0.0,0.475282443082925,1.603391459497172,-1.0,-4.879430255561164,0.0,0.475282443082925,4.955547086190326,-2.0
2005-09-16,0.34287496178608823,0.5579660076047729,0.9208214074629906,-2.3166517120869035,3.237473119549894,-0.6979151523119564,7.079128042217819,0.6023798581232649,0.36713684109058553,-0.5038999079157307,0.8760665684273226,0.3133662814838087,6.134097358053853,0.0,-7.266894106557265,-8.724365665326772,1.0,5.364496340830936,0.0,-7.266894106557265,-6.064679958113494,1.0,3.5340015078426434,0.5881172891887282,0.3641698132661375,-0.429266275254264,0.797380895040356,0.2757459038336386,5.384309552027974,0.0,0.0,-4.409458147446122,1.0,1.2265539873783675,0.0,0.0,-0.4743085697413667,0.0
2005-06-17,5.627882512238314,0.6088013731416871,5.627882512238314,-0.7724915807380994,6.4003740929764135,2.427695465750107,-1.3486090061393785,0.7134344512408115,0.4940047881807099,-0.42957440073509695,0.9279942887153309,0.376784696540884,0.7696010172229174,0.0,0.0,-2.6596857072132774,0.0,-4.150304388739277,0.0,5.226741276913882,1.880252120847048,-1.0,-1.6475763894222006,0.8481682841921386,0.6257948761268589,-0.4537725949070656,1.085275729438182,0.4526922878070619,-1.156844966347819,0.0,0.3502826989593366,0.8243024334896987,0.0,-2.6815930758167097,0.0,0.322580241419157,3.1094196828642007,0.0
2005-03-18,1.864935309580673,0.6060448627608981,4.9183607764562876,-0.3527789908123191,5.271139767268607,2.282790892821984,6.58276695733262,0.6481294990308927,0.4029752757444001,-0.4560511734249126,0.8638796774940868,0.36681251143616866,4.9199054059621945,0.0,-5.226741276913882,-4.539937828060325,1.0,3.864448268868189,0.0,-1.5815839897594604,-5.428086676568222,1.0,-3.492186789849039,0.6024756347549889,0.521666941230232,-0.31875791399127484,0.8434237140926291,0.33601663368464485,2.2728211129902105,0.1449098453690345,0.1449098453690345,-1.942499990992863,1.0,-4.633223184730272,0.1449098453690345,0.1449098453690345,3.370916634801191,0.0
2004-12-17,8.985704719967359,0.6451546701127785,10.037050851817497,-0.08578129926607447,10.122832151083571,4.975634776275712,0.878295013731134,0.6965659932089259,0.43928720260318443,-0.47250289289690706,0.9166915389089033,0.34604703148872185,1.0554571370940056,0.0,-3.6451572871544213,0.888148848507897,0.0,-1.8547640071938862,-0.7477953107682511,-3.3089028434897694,-0.7755784183214987,0.0,-1.29446632580974,0.6867210535484676,0.4847537889753937,-0.41435678880255733,0.9030658545032189,0.32728815230946107,-0.6505587412961666,0.0,0.2631919149450823,1.1331001205441726,-1.0,-4.54056633354886,0.0,0.2631919149450823,3.425121397558839,-2.0
2004-09-17,3.898923029779189,0.6897057630498667,3.898923029779189,-2.114709174862317,6.013632204641506,0.8921069274584359,-4.769422317542071,0.6564498422778059,0.5537970058545102,-0.46511580197578817,1.0243592604695064,0.41877843743277837,2.910221144287892,0.7477953107682511,-0.33625444366465196,1.6637272668293956,0.0,-4.692968200610163,0.7477953107682511,3.903188271424396,5.148057815235307,0.0,-4.251482936299156,0.5546370399049659,0.5650691797515544,-0.37060944094409365,0.939374915454687,0.3617048318817151,0.09060297586022768,0.0,2.0275865424608464,1.0626693336242221,0.0,-5.475005099497496,0.0,2.0275865424608464,5.008713710432966,-1.0
2004-06-18,-0.48921270365097635,0.7053195015908741,0.1385297236284,-4.953533314983927,5.092063038612327,-2.4075017956777636,-0.08322631145254444,0.7943035603018851,0.520347042381085,-0.5274413444601337,1.0537132467742756,0.38929196306842023,7.6031893448980545,0.0,-4.239442715089048,-3.4843305484059117,0.0,-3.239460886191707,0.0,-1.8492672270176813,0.8288999805194601,0.0,2.9366567007207633,0.7958705172437786,0.5111345399628915,-0.5757282572371897,1.0936466246367411,0.4207572106746611,9.44747686882713,0.0,0.0,-5.864676224787846,1.0,3.2684837678357743,-1.189735320791474,-1.189735320791474,-1.097236834069438,0.0
2004-03-19,-2.78305975283345,0.784930359460101,1.4199955577944179,-3.2464682560348512,4.666463813829269,-0.9132363491202167,10.947509181147751,0.6274821800703584,0.3523021302089945,-0.5489686601185882,0.9068527617215191,0.33778982138247515,10.842650231089761,0.0,-2.3901754880713666,-4.313230528925372,0.0,13.023321274533217,0.0,2.958235650056351,-10.332510730931011,0.0,4.166480174410925,0.5235136225732802,0.25193329685411503,-0.5439359990493265,0.8008105300509168,0.3181334041508341,12.35176354249315,0.0,0.0,-10.676373091428449,1.0,1.8098113901733104,0.0,0.0,-1.984331921747195,0.0
2003-12-19,5.8071160993541815,0.677839412707698,5.857656961512947,0.0,5.857656961512947,2.9288284807564735,3.026999669834174,0.7949731155108609,0.5017722791289957,-0.6445089960633774,1.1545944430130564,0.44279760106907184,-2.180671043443456,0.0,-5.348411138127718,6.019280202005639,0.0,-0.3128381945699581,5.59046146503841,0.24205032691069217,-3.7985152044148087,0.0,3.2161358923837424,0.8965869306381752,0.5704330161271971,-0.6057950228225909,1.1840625449790116,0.4664606949010647,6.401071427191693,0.0,0.0,-6.569224476849433,1.0,-2.0268182655251072,0.0,0.0,2.0679356012235584,0.0
2003-09-19,3.7669784492227576,0.7183180704123705,4.095402972878226,-3.3263878652460055,7.421790838124231,0.38450755381611046,11.11135723901604,1.0036589459214438,0.6580178690178309,-0.7989968822041107,1.4699561041374325,0.4476418075398239,-1.867832848873498,-5.59046146503841,-5.59046146503841,9.817795406420448,0.0,10.822051825542491,-5.352253770049165,-5.352253770049165,-13.161302662410467,1.0,2.300713024749945,1.01278117770525,0.7268227105538614,-0.7307029222798627,1.4691548566083048,0.38437998459864287,7.217083307353384,0.0,-9.0045376909085,-7.267049177311325,1.0,-2.5030853597186447,0.0,-0.9972068519369497,1.1630591126424275,0.0
2003-06-20,10.778696276187416,0.9859974486619724,12.55548669907991,0.0,12.55548669907991,6.277743349539955,4.342927691132403,1.4124909541311554,0.945612520685005,-0.9949152105208329,1.9629047121848378,0.7216159066559255,-12.689884674415989,-0.23820769498924532,-0.23820769498924532,22.979098068830915,-1.0,5.014760976312619,-0.23820769498924532,-0.23820769498924532,-8.407592046603998,0.0,4.0891719745222765,1.3698658520066362,0.920487225290609,-0.8822875622068532,1.8203461262334926,0.7754062075209894,-0.897853334392518,0.0,0.0,0.018964145853317405,0.0,1.578853230417118,0.0,0.9593113729906455,-1.3177937199943424,0.0
2003-03-21,3.9923333180327036,1.4370847326769662,3.9923333180327036,-7.043189992031795,11.035523310064498,-1.5254283369995454,-4.038322195993493,1.3633755648343024,0.9491587598064117,-0.9090916036222857,1.8777172977799803,0.6060900386257122,-17.704645650728608,0.0,0.0,31.386690115434913,-1.0,-0.9804141859240509,0.0,-31.252700960627287,2.72409504040807,0.0,-1.5992688691051193,1.3905866689366726,0.8966941331972498,-0.772637374482059,1.6846726722347753,0.6355805703935438,-9.326367101531359,0.0,0.0,9.902942065370969,-1.0,-3.4548488820921364,0.0,0.0,2.8850081495168665,-1.0
2002-12-20,-0.21055087816962414,1.3438376983132072,4.591987866273328,-2.3906889680679555,6.982676834341284,1.1006494491026864,5.2542081074688385,2.2029087451978446,1.239465416740285,-1.5602704450620295,2.850283351483351,0.9598776400300739,-16.724231464804557,0.0,31.252700960627287,28.662595075026843,-1.0,4.8828079542674026,0.0,-6.380167279817144,-10.154040878742165,0.0,8.494388242261607,2.3519919510134146,1.2843162427898778,-1.698430290171852,3.042344487527564,0.9401323362998162,-5.4703849928398816,-2.781407966399474,-2.781407966399474,8.64902339164637,-1.0,10.633216406667877,-2.781407966399474,-2.781407966399474,-11.183573602946396,0.0
2002-09-20,-0.8735542115676953,2.0950879650578815,12.881663164896207,-2.138742244545,15.020405409441207,5.371460460175603,-20.76333528891663,1.7617355910505277,1.2433038599370796,-1.08632036511588,2.367357245365505,1.322529000143532,-21.60703941907196,0.0,37.63286824044443,38.81663595376901,-1.0,-19.633934466937355,0.0,29.665714624138744,27.102874624531626,0.0,-13.838877635945124,2.2438037178542993,1.7453043648702649,-1.5424377676380459,3.3582683571759198,1.4874320666306868,-20.82514070034413,0.0,0.0,25.39863813308225,-1.0,-10.733703941175161,0.0,0.0,13.109926876311006,0.0
2002-06-21,-8.099816416113082,1.363573398956454,2.812362625072584,-8.099816416113082,10.912179041185667,-2.643726895520249,-5.026125802287352,1.114714809830451,0.7547173672525043,-0.7047618742935238,1.4712554601168437,0.5675920851985535,-1.973104952134604,0.0,7.967153616305689,11.713761329237382,-1.0,-6.364653814474698,0.0,7.21553083618347,5.283403683442001,0.0,-6.194062993454164,0.9607587207648172,0.792268305476,-0.5349460400981019,1.3350714326663962,0.48654732988404703,-6.454335715018067,0.0,0.0,5.838082231666397,-1.0,-4.760650808246514,0.0,0.8380080382755173,5.596739302509168,-1.0
2002-03-15,3.421493053140101,1.1797474390169898,3.607730843318646,-4.2045727737126555,7.812303617031302,-0.2984209651970047,5.0396822491277415,0.9952089548297495,0.6229120882169128,-0.763660423683475,1.3995651754572056,0.561692602213431,3.1511965904238446,0.0,1.1086462723623347,7.0121653967631925,-1.0,7.391355203579272,0.0,-3.0951452586275074,-5.982685527340026,0.0,-1.5119399984982018,0.7666584144123164,0.5688928145889246,-0.5133449501410791,1.0882751480608615,0.3703002793707575,-3.3134390465637855,0.0,-1.5407591083385408,3.6137406227320756,0.0,1.256594009336264,0.0,-1.2576240114237192,-0.775213441430167,0.0
2001-12-21,3.6465377250481046,1.0876748101932463,5.951420917350259,-4.058442382908378,10.009863300258637,0.9464892672209402,-8.393455424253027,1.3962681259746554,0.8937995807885308,-0.9662507157092085,1.8828440956151213,1.0115241678768707,-1.4551160323621417,0.0,1.4115819662890106,9.728310199796098,-1.0,-10.601728940786131,0.0,-3.5471719729565088,8.40723708070863,-1.0,6.1165920869555634,1.245462655644276,0.5847066918657696,-1.408227802955838,2.027991934734195,0.8971505663709047,-8.866787916223029,-1.2699985479339149,-1.2699985479339149,8.41465153588472,-1.0,13.7824094960523,-1.2699985479339149,-1.2699985479339149,-19.84830077025974,0.0
2001-09-21,-19.90512430981094,1.2898649815339256,1.238165780886269,-19.90512430981094,21.14329009069721,-9.333479264462337,-3.769210974453896,1.0466709360409265,0.69701358275609,-0.7605542517862672,1.4707199083161078,0.5345971863995274,9.14661290842399,0.0,4.958753939245519,1.321073119087468,0.0,-5.526523134893342,0.0,4.958753939245519,4.30233381663121,0.0,-1.5158733399761593,1.131418761640506,0.7685045221386969,-0.7423781679881207,1.5228947837132498,0.4874989272855425,-5.310653492760669,0.0,0.9110454432548432,6.303505550117716,-1.0,0.24595560977085817,0.0,0.9110454432548432,0.24227144890254237,0.0
2001-06-15,-2.3025302467059916,1.0588506281034928,5.619557927232255,-2.6959412491905144,8.315499176422769,1.4618083390208705,-7.415798191017087,1.6168912543970242,1.0028358532338015,-1.0722603352996178,2.1016234080427245,0.9767973915864616,13.74097275661492,0.0,0.050656935996418184,-2.243015954472183,0.0,-12.047020565151186,0.0,0.050656935996418184,7.607024456643597,0.0,9.04959718728573,1.9794377775653633,1.0856152969943347,-1.4804399329165738,2.609589741627538,0.9065034698106295,-3.814751814880787,-2.992839333582853,-2.992839333582853,6.6378537013355166,-1.0,11.242280537425358,-2.992839333582853,-2.992839333582853,-12.002913284514928,0.0
2001-03-16,-14.301995045153381,1.2686934858609937,2.3232037086953428,-14.301995045153381,16.625198753848725,-5.98939566822902,-3.893538549049025,1.5429906003015725,1.024920414538802,-0.963940103000115,2.0131614686744377,0.8755547434159381,25.787993321766105,0.0,0.0,-9.85004041111578,0.0,-9.775264222640732,0.0,0.0,4.984554582353139,-1.0,2.801798797878896,1.748664640110911,1.053094986041757,-1.0619875224933786,2.1444170209149838,1.0750681331453467,-3.113609916482322,-0.516219892406311,-0.516219892406311,4.190947617651997,-1.0,3.573396845643654,-0.516219892406311,-0.516219892406311,-3.980194415096694,0.0
2000-12-15,-6.069024716019267,1.4045081966869613,2.524098468638436,-6.069024716019267,8.593123184657703,-1.7724631236904154,-5.62494634979076,1.0945110397490518,0.7996738586358865,-0.7040063533435482,1.517798252078429,0.7906533051713623,35.56325754440684,0.0,0.0,-14.834594993468919,1.0,-19.474388118977394,0.0,0.0,7.529263012963938,0.0,-3.574874445887577,1.4575445604505581,1.0267312609669945,-0.9897093284856128,2.0418010084069387,0.89498197530895,-2.5508156804640834,0.0,1.5936347896510439,2.803449658082946,-1.0,-4.121666171511777,0.0,1.5936347896510439,4.353482595468272,-2.0
2000-09-15,-0.9714888347369777,0.770770756898492,2.741545453281491,-4.073796772325034,6.815342225606525,-0.6661256595217715,3.1821976889540027,1.262426524698125,0.7766937717054497,-0.8716825299060784,1.6663865622311715,0.6651563223345083,55.03764566338423,0.0,0.0,-22.363858006432856,1.0,0.9161801723869658,0.0,0.0,0.5977113832685177,0.0,2.6854316769630016,0.9349033360937348,0.6644075048094216,-0.6213475531488863,1.2944647768762962,0.3668406834357579,5.953724885663043,0.0,0.0,-3.78728507119499,1.0,1.2647398471845746,0.0,0.0,0.0730500267069667,0.0
2000-06-16,2.0856803690191716,1.4270676506086133,3.080425695193556,-4.229930730967968,7.310356426161524,-0.5747525178872062,-0.4731607681159433,1.7146352362292214,1.0853285423612973,-1.1770200103958395,2.2978460695857166,1.3124456924404517,54.12146549099727,0.0,0.0,-22.961569389701374,1.0,-5.927082652767247,0.0,0.0,3.5163326194536104,0.0,-6.08329661223983,1.8238833547888096,1.2058898402786635,-1.2349844999360342,2.4859726229393933,1.7157343578600062,1.908243134709775,0.0,0.0,-2.809723707562828,1.0,-5.1446613707871425,0.0,0.0,3.472490729362887,0.0
2000-03-17,1.6033454626418697,1.6420348026615046,1.6033454626418697,-7.492923402154384,9.096268864796254,-2.9447889697562575,10.733297572568734,1.065304858063595,0.6611229097895063,-0.7367380214972589,1.4111386202317677,0.7083934764437501,60.04854814376451,0.0,0.0,-26.477902009154985,1.0,10.683989910246169,0.0,0.0,-3.968915432357001,0.0,-1.1643361869866364,1.2093274226411967,0.7389007632919137,-0.7526304861348754,1.5053063099835378,0.8347591210680829,7.375901484647081,0.0,0.0,-5.816261533179268,1.0,-2.2330223014060584,0.0,0.0,0.5386098587360166,0.0
1999-12-17,9.171436881320849,0.9654490347463694,10.114088117173047,-1.5165359118574417,11.63062402903049,4.298776102657802,-4.074603331375181,1.1948238996362066,0.7805534336082616,-0.832165971097729,1.627618918177324,0.5827971512826432,49.364558233518345,0.0,0.0,-22.508986576797984,1.0,-10.678486343418257,0.0,0.0,6.282718267954056,0.0,1.9015806186319928,1.3216477864443257,0.8222073793659894,-0.9625435763583485,1.8024197220532279,0.6000732621404548,3.651018655241156,0.0,0.943760981158337,-0.8412778387033915,0.0,-0.750588025257029,-0.6804013389924313,0.2633596421659057,2.7093729103302655,0.0
1999-09-17,-1.5859139646224873,1.1052936335610057,1.8313338171769056,-5.5647186565972895,7.396052473774195,-1.866692419710192,0.006630062374290979,1.0299151320158888,0.6556166281551306,-0.8036909334120175,1.4727402598646933,0.5769405032041344,60.0430445769366,0.0,0.0,-28.79170484475204,1.0,-6.43247695611992,0.0,0.0,3.7279481717752674,0.0,3.165024070446165,0.8992586230818344,0.5165562646117223,-0.7190549450149097,1.2455318287937447,0.49170866781070355,8.278174039101724,1.206825490252239,1.206825490252239,-6.576804376116375,1.0,-1.318738959050279,1.206825490252239,1.206825490252239,1.3303390830697204,0.0
1999-06-18,-1.0325393526556592,1.1018486869277753,0.789334131102648,-5.559933014849616,6.349267145952264,-2.385299441873484,10.746092152862463,1.250883053233406,0.7101646802796298,-0.9607800141785733,1.6880553993553402,0.6301251602263657,66.47552153305652,0.0,0.0,-32.51965301652731,1.0,5.643672634868722,0.0,0.0,-3.0810975747401663,0.0,5.7725231613454,1.3202001668233607,0.7445775279517932,-0.9756721606367109,1.7378301915392818,0.784437538773829,12.435268907599456,0.0,0.0,-11.657531565362532,1.0,0.21403087011049848,0.0,0.0,-1.677513133285446,0.0
1999-03-19,6.048049986437221,1.2060908397843935,7.456811961743659,-0.7386552651583056,8.195467226901965,3.3590783482926767,14.432074703425911,1.140990056016611,0.6329751178116323,-0.9023024322138898,1.55103665376062,0.6170893831969916,60.8318488981878,0.0,0.0,-29.43855544178714,1.0,13.88540709565234,0.0,0.0,-5.976412923718712,0.0,-0.08807848046387123,1.2342886366086074,0.7099166659395728,-0.9729302819811494,1.7021961592955503,0.6691121375765975,12.21682141384939,0.0,0.0,-8.631188594147554,1.0,0.6050472446080075,0.0,0.0,-0.073682378483797,0.0
1998-12-18,10.961359299826867,1.0822161199022458,11.362970425510376,-0.4978256419690186,11.860796067479395,5.4325723917706785,-6.147440999849197,1.9711941511486208,1.209354963914861,-1.3672552929676969,2.621259078179793,1.3981567198999807,46.94644180253546,0.0,0.0,-23.46214251806843,1.0,-17.89949872410986,0.0,0.0,7.371039534342227,0.0,2.4809801387891905,1.711525587219404,1.0436338785370451,-1.5621474226572345,2.6574689811251564,1.221811804662673,3.204853441182944,-2.408769094517438,-1.4370974913876733,-1.6734335404936629,0.0,5.880543517308231,-2.408769094517438,-4.018684344478141,-5.259194341328255,1.0
1998-09-18,-10.581172397389016,2.1003346532958522,0.5671432079618066,-16.08695756982129,16.654100777783096,-7.7599071809297415,2.969584746464804,0.8965369348887712,0.6174903975418992,-0.6171240905558718,1.2432468821451972,0.5023215165980928,64.84594052664532,0.0,0.0,-30.833182052410656,1.0,-1.5255699404125806,0.0,0.0,2.114170289279869,0.0,0.6706759914700156,0.8413081176818605,0.504654454454939,-0.6146601401072815,1.1269583757651631,0.4639001003469455,9.1383456449317,1.0575498090134028,1.0575498090134028,-7.398274390925907,1.0,0.6082703750486811,0.8405712598789084,0.8405712598789084,-0.9365669033724933,0.0
1998-06-19,-0.654391178727487,0.9232585500368196,1.278989957956722,-2.788158628248749,4.067148586205471,-0.7545843351460135,15.696695380172198,0.7007459456698404,0.3872322454008197,-0.663855092745862,1.0592011169830942,0.4109640639201705,66.3715104670579,0.0,0.0,-32.947352341690525,1.0,15.930430313755544,0.0,0.0,-5.792322862979923,0.0,1.1374498541653955,0.6790542275581181,0.48829797789200496,-0.5909018959888788,1.0860619728447949,0.3728734515023142,13.376326793508824,0.3129783016582177,0.3129783016582177,-10.717205215819725,1.0,-3.768494550245297,0.3129783016582177,0.3129783016582177,2.412752668146778,0.0
1998-03-20,14.783988509153545,0.6856834059598506,14.783988509153545,-0.0668365354639211,14.850825044617466,7.358575986844812,1.6938553832265502,1.5581099194008472,0.7945767009077017,-0.9083339371830355,1.7265955656576137,1.256743186807381,50.44108015330236,0.0,0.0,-27.155029478710603,1.0,-1.7436172293360102,0.0,0.0,2.325225897452853,0.0,2.2563707524855037,1.1952039698979735,0.6244594631329039,-0.9337157154311927,1.5761448512159995,0.7537587892141274,8.496721713176312,0.0,0.0,-4.909893952496325,1.0,1.100926368340395,-0.23591347471350055,-0.23591347471350055,0.3894009449332714,0.0
1997-12-19,0.545858283995404,1.7294612862641319,4.476229721802083,-6.865683203074591,11.341912924876674,-1.1947267406362538,0.3035854728658194,1.0341941052615302,0.7004759613119397,-0.7505714352290431,1.464058553850552,0.617411773852628,52.18469738263837,0.0,0.0,-29.480255376163456,1.0,-5.285833102570642,0.0,0.0,3.6673240584042617,0.0,-0.3787435849456289,0.8750064790297458,0.635740351534732,-0.6779162449893217,1.3235181302174037,0.6012267527218533,9.923346119404153,0.18391991878794478,0.18391991878794478,-7.399514109025052,1.0,-4.764344486381367,0.18391991878794478,0.18391991878794478,3.562166013691513,0.0
1997-09-19,1.2484187357858278,1.1235507530599695,2.29338089015394,-4.188371290456272,6.481752180610212,-0.9474952001511663,22.6583195055986,0.9820515380668174,0.5116976736702115,-0.8299257342771029,1.3550238837754318,0.5210252396776314,57.47053048520901,0.0,0.0,-33.14757943456772,1.0,22.909035240580934,-0.34177358663129986,-0.34177358663129986,-10.776198479565476,0.0,5.802996797058424,1.0792054594976135,0.6223648901523164,-0.7831096216132346,1.4176845520717658,0.524243918660003,19.04498172746103,0.0,0.0,-14.449956764115356,1.0,0.9228346435482884,0.0,0.0,-0.5149946999132275,0.0
1997-06-20,17.420333956125766,0.9062195501929892,17.420333956125766,0.0,17.420333956125766,8.710166978062883,-0.6683823737636319,0.9704777067490588,0.6038884383281068,-0.6693223943563271,1.282573886267374,0.5302296520312588,34.56149524462808,0.34177358663129986,0.34177358663129986,-22.37138095500224,1.0,-7.221166953970517,0.34177358663129986,0.34177358663129986,3.8188468291708197,0.0,-1.099653693079028,1.1275515181925022,0.7126747408658974,-0.6777165553629074,1.400592420835012,0.6367623518921562,5.4195033711234215,0.0,0.9609187930891938,-3.682321827487123,0.0,-1.7643076692500204,-0.857488038919052,0.1034307541701418,3.125583631397111,-1.0
1997-03-21,1.7624409032227284,0.8551409528605918,5.940138972638231,-0.7138036465295206,6.653942619167752,2.613167663054355,9.929812530097948,0.7345844845148322,0.4666668319880251,-0.6457382907116289,1.120674557962046,0.49406410252435384,41.782662198598594,0.0,0.0,-26.19022778417306,1.0,6.98445384869698,0.0,0.0,-3.7829641338809523,0.0,1.8142470649519016,0.7629304737566434,0.526343731714345,-0.6659391612871518,1.200902814929337,0.4434850606012697,10.414534454818172,0.03601150211944848,0.03601150211944848,-9.047687269993965,1.0,-0.004998817173936132,0.03601150211944848,0.03601150211944848,-0.41103721998417875,0.0
1996-12-20,6.84101200824665,0.7168078282911728,8.005200536586221,-0.5221665959643573,8.527367132550578,3.741516970310932,10.224871513606804,0.6023032559707384,0.30002510972655794,-0.5305575350252433,0.8360410366888092,0.3439339316573297,34.798208349901614,0.0,0.0,-22.40726365029211,1.0,7.545206105244397,0.0,0.0,-4.903802307370963,0.0,2.1466328567889326,0.44308511350226004,0.3268672933308193,-0.43812002418971085,0.7686950218543205,0.24515699156737517,7.979250648914005,0.0,0.0,-6.149577019675401,1.0,-0.4398633741980893,0.0,0.0,0.018564365142592187,0.0
1996-09-20,8.040573736733014,0.6810760100645487,8.040573736733014,-0.7847224159546307,8.825296152687645,3.6279256603891916,-2.687234025426677,0.7666204225520593,0.5035025649353808,-0.5867282430630225,1.0992499116757597,0.6602900293757085,27.253002244657218,0.0,0.0,-17.503461342921145,1.0,-12.693725940119485,0.0,0.0,5.280980656856272,0.0,-5.178709571596851,0.9569274695323845,0.6062944457466967,-0.7174333781049467,1.3374819727327347,0.8764729301592885,2.088892526968963,0.0,0.051383871962018546,-0.42711197748872554,0.0,-4.879393062984348,0.0,0.051383871962018546,5.390521268286974,-1.0
1996-06-21,2.0475636749743176,0.6021854437580554,3.8334388077789328,-2.3260810967440704,6.159519904523004,0.753678855517431,5.122103535922262,0.810834950446371,0.448930487159797,-0.6282153198863829,1.085119572618228,0.5831372823967488,39.9467281847767,0.0,0.0,-22.784441999777417,1.0,4.451151287232129,0.0,0.0,-0.5799689065570277,0.0,1.2331556932610344,0.6669480246934153,0.42038194057226974,-0.5032038617851651,0.9291267617049863,0.5242225624914114,9.379087414054206,0.0,0.0,-6.900291796847425,1.0,-1.8716164306079293,0.0,0.0,1.3652581418155165,0.0
1996-03-15,4.837940119381567,0.8706361949707723,8.110094042132786,0.0,8.110094042132786,4.055047021066393,4.148367407198195,0.6410258727493295,0.3324563461769468,-0.4721344455381997,0.8089333450128143,0.40692331027522877,33.05542482494867,0.0,0.0,-21.185878403128743,1.0,2.46147133725578,0.0,0.0,-0.3560723531978347,0.0,-0.0196078107752351,0.7961186472597404,0.44792817109675925,-0.5256712145821777,0.9790429583268775,0.4922448189502864,10.14323574165554,0.0,0.0,-7.136854194909792,1.0,-1.7485062648764078,0.0,0.0,2.5347379932511904,0.0
1995-12-15,4.91608092751572,0.5203421763229474,5.826776092779906,-1.828218029203077,7.654994121982983,1.9992790317884146,6.11249954842672,0.3817185704365993,0.240903257768704,-0.4300429680118333,0.6741620847398633,0.23300945723871871,30.593953487692893,0.0,0.0,-20.82980604993091,1.0,3.523393169132362,0.0,0.0,-2.1238024028967217,0.0,0.9849999479139893,0.39587417491120713,0.23854214180128494,-0.4517181230562184,0.6937877669727072,0.22540582421228966,10.41363386210657,0.0,0.0,-8.800323310382064,1.0,-2.202291548883025,0.0,0.0,1.6205446965776975,0.0
1995-09-15,5.370105848777129,0.366418981037822,5.417071276326735,0.0,5.417071276326735,2.7085356381633674,8.875299590459985,0.6035547435634285,0.299637886013519,-0.533596609883302,0.83885510115283,0.4312969670382692,27.07056031856053,0.0,0.0,-18.706003647034187,1.0,8.391338831103198,0.0,0.0,-4.8219853793209815,0.0,0.7112804674726636,0.6473441189719291,0.3176968380641121,-0.5521736024903636,0.8762849512693941,0.5103295974014074,9.85356445464265,0.0,0.0,-9.067480406654804,1.0,-0.11964500461624716,0.0,0.0,-0.002313042475620364,0.0
1995-06-16,6.163352399523148,0.5741925304196092,6.163352399523148,0.0,6.163352399523148,3.081676199761574,9.404447265372863,0.4106263296040771,0.24415395229491765,-0.42333074587119146,0.6708357538550078,0.3077751487840933,18.679221487457333,0.0,0.0,-13.884018267713206,1.0,9.420530877730735,0.0,0.0,-6.458423727067964,0.0,1.5010858933668603,0.3470392679943674,0.25224111079769695,-0.41634888958345817,0.6716366770588406,0.3188264363693443,7.387267093956842,0.0,0.0,-6.654270752322988,1.0,1.7071869287734014,0.0,0.0,-0.9081701056615437,0.0
1995-03-17,6.6138796850122805,0.44387320003571684,6.6138796850122805,0.0,6.6138796850122805,3.3069398425061403,-0.023663661862738383,0.5942404862322952,0.3991953527390204,-0.4115942763813094,0.8145636338235535,0.3589996930828519,9.258690609726598,0.0,0.0,-7.425594540645242,1.0,-2.9963581969474546,0.0,0.0,0.9646377881949659,0.0,1.07648698598366,0.3667693599475155,0.2617205204641426,-0.3544869727387161,0.6187783368755084,0.22848137604167723,0.6813582504988646,0.0,-0.6344849534546948,-0.9398065969045466,1.0,1.6869828038740518,0.0,-0.3881471397630176,-1.2094895842833187,2.0
1994-12-16,-1.3099915827401887,0.6922008782737965,1.9101249347130533,-4.181634275169732,6.0917592098827855,-1.1357546702283394,2.59981467192989,0.5840628286569851,0.3427844921712773,-0.39281657126956304,0.739104219042412,0.3533445201836243,12.255048806674052,0.0,0.0,-8.390232328840208,1.0,-2.1599948949001853,-0.5861979008672691,-0.5861979008672691,-0.872122982322221,0.0,1.135597251602305,0.6588896490994948,0.4580772455589171,-0.39865053775625786,0.860689610981959,0.3945146291228475,0.7250294365882046,0.0,-1.0380052159183473,-0.7491510669255685,1.0,-2.0850482643835617,0.0,-1.0380052159183473,1.4828125945491322,0.0
1994-09-16,3.9902033499636724,0.5218425364205488,5.067206750396314,-0.11917194763240158,5.186378698028715,2.474017401381956,1.2242231307106222,0.561337694771097,0.338875085729736,-0.4510927298474684,0.7941050781260616,0.32866202523992594,14.415043701574238,0.5861979008672691,0.5861979008672691,-7.518109346517987,1.0,-1.128662735166115,-0.7058225426041398,-0.7058225426041398,0.238034275831156,0.0,2.3283650028989467,0.5866158038693614,0.41250276452260964,-0.4180856031553737,0.834739660464713,0.3840630389871552,-0.12469922856283963,0.0,0.0,0.8291383727413004,-1.0,-0.46318317580548163,0.7967386006697663,0.7967386006697663,0.8388132391961012,-1.0
1994-06-17,2.4171771328999503,0.5403403001124848,3.2928981524920076,-1.3716707995442667,4.664568952036275,0.9606136764738702,-5.7065217391304435,0.7161730985178031,0.4648264036820837,-0.4908518586035727,0.9614953999290413,0.494663319668111,15.543706436740353,1.2920204434714089,1.2920204434714089,-7.756143622349143,1.0,-6.6211761844511,1.2920204434714089,1.2920204434714089,6.792682847231536,0.0,-2.8116701292212,0.8568016318168656,0.5949989638481172,-0.5930255032261074,1.1971015813699957,0.5399407031608504,-2.7356689922145985,0.0,0.0,2.754809183863194,-1.0,-4.970396817995454,0.0,0.0,4.6582509797060245,-2.0
1994-03-18,-0.770980788675435,0.6024351470768446,1.53353555780249,-2.4667151162790724,4.000250674081562,-0.46658977923829115,2.4715630727559113,0.423930619079866,0.26052371353211673,-0.3406581429464055,0.6035422585162511,0.279104545457185,22.164882621191452,0.0,0.0,-14.548826469580678,1.0,0.05750534464633361,0.0,0.0,-0.21869386301088767,0.0,1.57045658778725,0.37665095250716085,0.19052862589197783,-0.3294389770318982,0.5220452512283487,0.20138120614162835,3.9258424270290635,0.0,0.0,-3.520205827973888,1.0,0.9146066885724773,0.0,0.0,-0.9271285026051346,0.0
1993-12-17,0.671316957094481,0.44921896338216666,1.2584497433127284,-1.247652583755765,2.5061023270684935,0.0053985797784816825,3.6166360184156643,0.41337115492810084,0.26077284108052684,-0.3651147774940565,0.6286573338662379,0.26067140752094764,22.10737727654512,0.0,0.0,-14.33013260656979,1.0,2.6086494254752957,0.0,0.0,-1.094414728530813,0.0,1.23243449948649,0.4525287780118349,0.3118012876466138,-0.34234529908167766,0.6569631475443144,0.2960503660408189,3.8577067293677603,0.0,0.0,-3.111273883806398,1.0,0.6015080594897957,-0.0580297544776176,-0.0580297544776176,-0.07904738922654975,0.0
1993-09-17,2.623569612534782,0.3858014498064468,3.6815007004808553,0.0,3.6815007004808553,1.8407503502404277,2.304191931903987,0.5741558451537786,0.3210773258117062,-0.40563295632264457,0.7305727216038758,0.35686622645779936,19.498727851069823,0.0,0.0,-13.235717878038978,1.0,0.6487011296900747,0.0,0.0,-0.19429761816013347,0.0,-0.11170687864818785,0.5559206447503671,0.3265583665472293,-0.3452885546225835,0.6745601369394087,0.2821488248974016,2.1096452411733573,0.0,-0.08939792352055109,-1.8380710833059588,1.0,1.050969395507603,0.0,-0.08939792352055109,-0.22272715643103513,1.0
1993-06-18,1.5216323822163202,0.5850796087815794,3.8487083266595112,-0.7985698922270745,4.647278218886585,1.5250692172162186,0.21095824931687268,0.698411775210842,0.400831745876137,-0.4403190363419752,0.8456436686417118,0.46085399036930386,18.85002672137975,0.0,0.0,-13.041420259878844,1.0,2.9981235591354096,0.0,0.0,1.59967402203457,0.0,-2.400732502568226,0.6245174552732546,0.47550771892516236,-0.36161214763548344,0.8404876916330134,0.407350164460121,1.4619048677133024,0.0,1.1275205411146239,-1.1037494800034575,0.0,-4.080310712383459,0.0,1.1275205411146239,3.674343420588722,-1.0
1993-03-19,3.22625033194035,0.7292688482499625,4.636445039931325,-0.9653528001043798,5.6017978400357045,1.8355461199134728,5.315136312119373,0.4626218094103083,0.2748836832268447,-0.3843917003381208,0.6622180086473985,0.2587991162043392,15.851903162244339,0.0,0.0,-14.641094281913414,1.0,-2.3131496739827657,0.0,0.0,-2.5983152488175634,0.0,-0.8322532422005646,0.37337483790599724,0.33206610621447735,-0.3589505375266501,0.6938267329828847,0.2853233432625506,5.031032049552225,0.0,0.0,-3.5402918628558044,1.0,-1.2559570215302216,0.0,0.0,2.140248843118286,0.0
1992-12-18,6.563629399574267,0.49080837521137316,6.563629399574267,0.0,6.563629399574267,3.2818146997871334,0.6073857967107354,0.6120791914150426,0.37475789017060107,-0.44868225210253637,0.8284310680996604,0.4664786258400045,18.165052836227105,0.0,0.0,-12.04277903309585,1.0,-2.8364321168117606,0.0,0.0,1.361248734334854,0.0,-0.06033546373028775,0.6537765916063538,0.43582629913446913,-0.5197475311938161,0.9628009135361268,0.5857074816429982,1.3071344037077897,-0.41294563520215544,-0.1973552033159076,-0.8731776418420822,0.0,-2.5464339197310553,-0.41294563520215544,-0.1973552033159076,2.188550136398193,-1.0
1992-09-18,2.752667571606704,0.5758459672675266,3.321180677327984,-0.21380222998536036,3.5349829073133443,1.5536892236713118,0.6307809063317293,0.576090656650541,0.3582101180686123,-0.43466075568176343,0.796813941413399,0.31289607659822,21.001484953038865,0.0,0.0,-13.404027767430705,1.0,-4.057048249144756,0.0,0.0,1.579064478102719,0.0,2.0200767872083913,0.5487310993265881,0.28497833733014133,-0.5210143758165025,0.8107942939958575,0.34846184331895663,2.300138966935918,0.0,0.0,-1.7234810455271088,1.0,2.114874524384019,0.0,0.0,-1.417762486116625,1.0
1992-06-19,-1.3079996407999506,0.5880594970325347,2.3152902624636873,-1.970563834789596,4.285854097253283,0.17236321383704567,-1.554832926859706,0.7034000931394875,0.44628564596027803,-0.48023368644242276,0.9315899134142754,0.42530930243830545,25.05853320218362,0.0,0.0,-14.983092245533424,1.0,-4.899799666747192,0.0,0.0,3.590433332499032,0.0,1.3680272614622124,0.8417791654306208,0.45158858221118336,-0.5597542146500252,1.0178660137437587,0.46253566450869776,3.220625247856958,0.0,0.0,-2.59203226455742,1.0,-2.60187209804967,0.0,0.0,1.264466751721649,0.0
1992-03-20,-1.0060700633948705,0.6026459688760545,0.39712861275804645,-2.789544555946255,3.1866731687043015,-1.1962079715941043,8.141592708443701,0.8904323972726672,0.4172158432230151,-0.6898138607106066,1.1168522763170794,0.6324524979845199,29.958332868930814,0.0,0.0,-18.573525578032456,1.0,9.510833817284563,0.0,0.0,-4.417054433767596,0.0,2.219165532135148,0.8914384319394683,0.3354329814986697,-0.8152417872201597,1.1628514376868357,0.5136498873356103,8.928904693215658,0.0,0.0,-7.092914446836007,1.0,4.336502173582088,0.0,0.1594122982272128,-4.673441807609713,0.0
1991-12-20,0.7391983149609871,0.8721347391731948,3.438310686144952,-2.337326852229904,5.7756375383748555,0.5504919169575242,0.8584307053377538,0.7427659382074586,0.423953082788461,-0.462155715156356,0.8915452561422575,0.4976820208900995,20.44749905164625,0.0,0.0,-14.15647114426486,1.0,-5.2961956856171355,0.0,0.0,1.5014923493660408,0.0,-0.44052346308689483,0.6232077661578388,0.4204877855111965,-0.42418767831029325,0.848832557501487,0.2919121980969913,4.629343031319969,0.0,0.01851517715989459,-2.9691023369338376,0.0,-0.8014060601899589,0.0,0.01851517715989459,2.1151127474941083,-1.0
1991-09-20,1.834988103719537,0.808373185486247,4.124122650463935,-1.1708161911851422,5.294938841649078,1.4766532296393962,0.5039312042617983,0.7931596581942112,0.47956082659241334,-0.5365440810253518,1.0222860090220838,0.44365475708296115,25.743694737263386,0.0,0.0,-15.6579634936309,1.0,2.8855565942099695,0.0,0.0,1.5805634147996503,0.0,2.632285267809009,0.7741343956413141,0.46135428767506864,-0.5397573157823938,1.0078232390598112,0.4810809713804257,4.766514167652311,-0.4902450126801128,-0.4902450126801128,-5.275628705134761,1.0,-0.5798560997492777,-0.5157982518888993,-0.5157982518888993,0.11848651187127412,0.0
1991-06-21,-0.3350720367018112,0.8042000482825741,2.8520923131257536,-2.7571052386972994,5.609197551823053,0.04749353721422711,12.780069248071246,0.9532225342311798,0.5681381128967686,-0.7045594164295368,1.2836996445316162,0.49054377224372586,22.858138143053417,0.0,0.0,-17.23852690843055,1.0,7.62194974478148,0.0,0.0,-8.157761604165502,0.0,1.0127365279036349,0.9493561024964967,0.5260616637771784,-0.6690274641908229,1.2048790057245362,0.43275785140455403,7.766026801297954,0.0,0.0,-8.090541901644121,1.0,-0.21529399274672834,0.0,0.0,-0.81061476568558,0.0
1991-03-15,12.449203490076034,0.9403049547850422,13.391321873662164,-1.1799084616106792,14.571230335272844,6.105706706025742,6.320404303622484,1.0123199652733834,0.5320681829102905,-0.7499093728794548,1.2940925897305298,0.6106985105345444,14.176511154992992,0.0,0.29089704800200344,-8.139251164883088,0.0,6.172531928821396,0.0,-4.945267632313621,-5.095201632193669,0.0,0.14469027882442198,1.1145206283955658,0.5466710310058853,-0.676154126979775,1.2344430671767797,0.7769365495712941,2.561417955451834,0.0,0.0,-1.0647894045920925,0.0,2.355312239686786,0.0,2.5847905740226995,-1.8030232881026231,0.0
1990-12-21,8.874014928096052,0.8855912698678954,8.874014928096052,-0.9287486767335706,9.802763604829623,3.9726331256812406,-13.787350045269353,1.3629769296167944,0.9208900272951064,-0.8773036677828562,1.816722926987919,0.7926822990377094,4.902130089829247,0.0,8.01141148862019,-0.5622892496544907,0.0,-22.191175284736477,0.0,8.01141148862019,14.507195012906472,-1.0,-0.43783696905200786,1.4866417654544206,0.9790605992025063,-0.9998503331806388,2.002283462800347,0.6790930139813766,-7.583291421204121,0.0,0.0,9.359238541015502,-1.0,1.5441881751257522,0.0,0.0,-0.3056985927608178,0.0
1990-09-21,-11.91715425531914,1.2684383451749184,0.7667468311453263,-13.12245359891353,13.889200430058857,-6.177853383884102,7.3926683295150175,0.7881329671297418,0.456864583853427,-0.602690083391248,1.067125715140433,0.5169314327303218,27.093305374565723,0.0,0.0,-15.069484262560962,1.0,2.7574201525777333,-3.1203500537920315,-3.1203500537920315,-3.449648712298238,0.0,-1.2792553845945909,0.7808654834986365,0.5787092705730039,-0.5858343687291119,1.1723144375727008,0.5825338722787756,2.372724951514563,0.07768861444341635,0.07768861444341635,-1.628405730283733,1.0,-2.3844651415286835,0.07768861444341635,0.07768861444341635,1.6177251002460258,0.0
1990-06-15,8.292551921699687,0.7464722699994385,9.632367510145624,-1.7933904273096268,11.42575793745525,3.9194885414179987,-1.1882618660846722,0.7899001273730414,0.5344279616056422,-0.6108476646035013,1.1534525891108536,0.5060069431846923,26.48040898199114,1.2242502063937177,1.2242502063937177,-13.344742760769424,1.0,-4.467477462598939,1.2242502063937177,1.2242502063937177,3.209933064844982,0.0,-0.6227388648360144,0.6484814376500846,0.4690111360577287,-0.5051697555102757,0.9798117702591221,0.35807258858670066,0.8516020587884002,0.5894036091549371,0.5894036091549371,0.47757960772882857,0.0,-2.8143773746369,1.369782664396868,1.369782664396868,2.661482019973227,-1.0
1990-03-16,0.8138021764352743,0.863042854210698,0.8138021764352743,-4.76779610107021,5.581598277505484,-1.9769969623174677,-2.307296347505483,0.7992658804173361,0.47458533580851786,-0.5931535210222217,1.0756957964508742,0.5541184534138667,30.94788644459008,0.0,0.0,-16.554675825614407,1.0,-7.929129742931078,0.0,0.0,4.698048135306255,0.0,-2.380409810016404,0.967631802646277,0.5770413431539695,-0.6607603008950057,1.2474860517656967,0.6400843736090567,3.1365883697212547,0.0,0.0,-1.6564164031299788,0.0,-4.158303887825973,0.0,0.0,4.240579653381005,-1.0
1989-12-15,0.8583967046894792,0.6738840401554655,1.6102085493720386,-4.19115393478513,5.801362484157169,-1.2904726927065457,3.3521912281093025,1.0775444703471881,0.469415262100873,-0.6086839964427757,1.0877804529802757,0.9589966193177104,38.87701618752116,0.0,0.0,-21.25272396092066,1.0,1.505828703788083,0.0,0.0,0.7632425280847848,0.0,0.03169860342022712,1.4519503407402266,0.5287350800899611,-0.7084012677867386,1.2522942412111853,1.4125010034921852,8.777326917527816,0.4709043860659845,0.4709043860659845,-7.040650497683931,1.0,-1.6871974641217893,0.4709043860659845,0.4709043860659845,1.6665149901270446,0.0
1989-09-15,2.7270051422150887,0.7439681131239663,5.308133531054882,-0.6638821275344542,5.972015658589336,2.3221257017602137,8.491328073748527,0.6976876054249117,0.3314105658379387,-0.557791429569896,0.8951887583261865,0.4150431020623439,37.371187483733074,0.0,0.0,-22.015966489005447,1.0,6.561261442866357,0.0,0.0,-3.822125616137029,0.0,2.4085335365853666,0.7411810258140566,0.3180600584134625,-0.6429350523430193,0.9683308152512115,0.4580222845823842,11.854809405562987,0.0,0.0,-10.532422205970327,1.0,2.3634225695503197,0.0,0.0,-1.8306818393677204,0.0
1989-06-16,3.7918737699645932,0.6672246940192692,5.600600936681666,-1.4275992838603146,7.02820022054198,2.0865008264106755,8.017301050134318,0.7632846808543802,0.39879394017349223,-0.5140271493034316,0.9182904829506635,0.4576548422553011,30.809926040866717,0.0,0.0,-18.193840872868417,1.0,10.874314178108648,0.0,0.0,-4.503450908768926,0.0,7.138895178251259,0.6327798907728577,0.3720980861113148,-0.5291672063827986,0.9071144547223957,0.5305587267352976,9.948723478630924,0.0,0.0,-8.856145942934912,1.0,4.702607659875783,0.0,0.0,-3.8950697786871764,0.0
1989-03-17,2.114223912360891,0.8261167033707935,4.535463838397935,-0.7431183058298152,5.27858214422775,1.8961727662840602,1.0470281322710218,0.6641027317767679,0.40170084661557665,-0.43947451827832534,0.8455304339721944,0.4025588587853224,19.93561186275807,0.0,0.0,-13.690389964099491,1.0,-3.7153984256054464,3.231715345836572,3.231715345836572,0.41647972885627915,0.0,3.1525533522870353,0.5455034023444716,0.31735613474738006,-0.4427052702634109,0.7645200236759205,0.36116759249305,8.339526969530652,0.0,0.0,-5.7603535831594055,1.0,5.030697823428353,0.0,0.0,-2.426475796375971,0.0
1988-12-16,-2.5981773954734666,0.71178665410314,0.0,-6.994285412113088,6.994285412113088,-3.497142706056544,7.650853889943088,0.8540212299881772,0.459111742549978,-0.6063530088813496,1.073859857910426,0.5384872587763113,23.651010288363516,-3.231715345836572,-3.231715345836572,-14.10686969295577,1.0,5.971369620076256,-3.231715345836572,-6.709656799030705,-5.107403781154751,1.0,5.152724453116675,0.7868979737355695,0.3258169391227584,-0.6745116981396669,1.0091700739889495,0.5371943983172177,4.285852285709207,0.0,-6.357780159835302,-5.9466878014123425,1.0,3.3939542213749236,0.0,-6.240268288486095,-4.3901369286704846,0.0
1988-09-16,2.713468690702081,0.8913357058129142,3.5977267552182113,-2.4743795066413665,6.072106261859577,0.5616736242884226,1.291608315076176,0.9892351821171981,0.5401614900533809,-0.6610700755229595,1.2113946149068195,0.567683089355191,17.67964066828726,0.0,3.4779414531941333,-8.99946591180102,0.0,-3.791492791004213,0.0,-0.19151327460158463,0.3185916924893011,0.0,-3.7548396522755434,0.9139399811503102,0.5526492280785327,-0.6508614514770251,1.2124664200866535,0.4600307940290401,-0.7294191968452982,1.240907653383938,1.240907653383938,1.500979951472936,-1.0,-0.447265317648731,1.240907653383938,4.48121926867916,2.399830759010002,-1.0
1988-06-17,4.0516566444354085,1.0242952963869039,5.500883927850997,-3.5788458684229307,9.079729796273927,0.9610190297140333,5.533472616632862,1.1258361992810335,0.6168976697393742,-0.7647205153537275,1.3934172238675095,0.6962612852017704,21.471133459291472,0.0,3.669454727795718,-9.31805760429032,0.0,-1.2309692233888434,0.0,-4.559839009526789,-3.293268114271564,0.0,0.6305365119130268,1.3258569902835597,0.7963533947147203,-0.6598542263179482,1.4666415912897273,0.8815522523953242,-2.375542046754198,0.0,0.0,4.620700398274757,0.0,-5.751594401054978,0.0,0.0,3.9845818767643593,0.0
1988-03-18,9.987829614604472,0.9492253863857398,10.02839756592293,0.0,10.02839756592293,5.014198782961465,-0.6929336878575443,2.285289050390077,1.2249647022648797,-1.3701847290047822,2.636893905625752,1.6086309950928295,22.702102682680316,0.0,8.229293737322507,-6.024789490018756,0.0,1.167159042665105,0.0,2.198730837811347,1.3957108879731006,0.0,-2.1941832321549004,1.9894101671228706,0.9184672483375214,-1.2223742900239554,2.170177288522691,1.4512416238940455,-7.627815133027117,0.0,0.0,11.03011567962402,-1.0,0.986477196810104,0.0,-13.206052893276986,-1.0516593796571652,0.0
1987-12-18,0.3786963177826008,2.442705932097241,3.0335992264926226,-9.789702683103707,12.82330190959633,-3.3780517283055422,-19.740030385748064,3.16865092692974,1.2515165282822018,-0.9561368659972411,2.2509987698163854,3.5851275359577945,21.53494364001521,0.0,6.03056289951116,-7.420500377991857,0.0,-35.01284976382482,0.0,6.03056289951116,22.040270440567333,-1.0,-22.47001499250375,4.889785333602255,2.260797746918695,-1.3596266019262804,3.7145167906405825,5.301186141930989,-16.096407647642216,0.0,0.0,19.32426069241422,-1.0,-25.659879048910447,-1.18166746291124,-1.18166746291124,25.808001021887463,-2.0
1987-09-18,1.807482193794474,0.9255647916702842,8.891907035661628,0.0,8.891907035661628,4.445953517830814,9.857204101207873,0.820778132123586,0.5438366289723311,-0.6551506939034603,1.2082362020682251,0.6004347300634929,56.54779340384003,0.0,0.0,-29.46077081855919,1.0,12.709234732906005,0.0,0.0,-3.0883594831870873,0.0,0.6869351478056895,0.6310984456964015,0.3925931281217352,-0.48869611630003007,0.8857673508276437,0.31537921902866706,11.709736194814411,0.0,0.0,-9.352860651686845,1.0,-2.094232250805563,0.0,0.0,1.6814270877569264,0.0
1987-06-19,9.040214160280424,0.9104546179069779,9.040214160280424,-1.1757602009008328,10.215974361181257,3.932226979689796,4.228056118916834,1.0983992493964654,0.6577003112815121,-0.7998342443234716,1.4715689128866862,0.829374634447436,43.83855867093403,0.0,0.0,-26.372411335372103,1.0,0.4103543714247948,0.0,0.0,0.9617348921638005,0.0,-4.933647384594597,1.4188086046145036,0.9210678079650867,-0.8519601441351949,1.791651874848827,0.8997619586206413,7.34058205761869,1.0500576609931311,1.0500576609931311,-6.018912937973974,1.0,-10.103110282840436,1.0500576609931311,1.0500576609931311,7.8081489555415065,0.0
1987-03-20,10.392446856999381,0.7875153667551936,10.392446856999381,-0.18142168895144417,10.573868545950825,5.105512584023969,13.36356137679684,0.9073832613771865,0.43124351439644054,-0.7186049026583371,1.1601833029828204,0.6923769327455133,43.42820429950923,0.0,0.0,-27.334146227535904,1.0,13.358510174966298,0.0,0.0,-6.651114658497601,0.0,9.387659970840767,0.9684603768771833,0.5121188467090976,-0.8493435035284351,1.37620730044849,0.8875199141676312,13.785711178999792,0.0,0.0,-10.166340181547806,1.0,6.009022470377055,0.0,0.0,-5.515404542642499,0.0
1986-12-19,4.814073063631041,0.8587899711498107,6.606232964250536,-0.6211659792313418,7.2273989434818775,2.992533492509597,-0.8159229040046623,1.0225361313106198,0.5592527377702948,-0.621845877512426,1.1896582650672898,0.7499678270475931,30.069694124542934,0.0,0.0,-20.683031569038302,1.0,-8.980761923554113,0.0,0.0,3.5344946808064748,0.0,2.596559445377422,0.7536698198353342,0.4566801009044386,-0.5760603553128775,1.0397471818179942,0.5126989787172165,5.575332152616212,0.0,0.0,-2.5742606451623185,0.0,3.818435509504817,0.0,-0.227384662666541,-1.8633570173445468,0.0
1986-09-19,-3.3344392640079823,1.156809541350339,5.665639830155689,-3.9755224377653886,9.641162267921077,0.8450586961951503,-0.8543440032334759,0.9351680988456158,0.5090688155778598,-0.5998298361341226,1.1161739939157158,0.5668546264202396,39.05045604809705,0.0,0.0,-24.217526249844777,1.0,-9.28068054949226,0.0,0.0,4.106181736867278,0.0,-3.7580166763615086,0.9556658270361289,0.5773500739550519,-0.565519149279404,1.149829960957935,0.6705560090146907,7.7865857398989755,0.0,0.0,-6.3302971081153565,1.0,-6.908959224960424,0.0,0.0,4.745065500294677,0.0
1986-06-20,2.1833382386123423,0.9155640475747399,2.3484296647996006,-3.9333032289117664,6.281732893711367,-0.7924367820560829,17.37150692106315,0.8233457012915316,0.41347669620786126,-0.7369353210857247,1.1600431058819336,0.4421335370489343,48.33113659758931,0.0,0.0,-28.323707986712055,1.0,14.140351505564936,0.0,0.0,-8.361487778142642,0.0,1.3892915428714847,0.9339677394018268,0.5243179505532803,-0.6949068736170362,1.22851213847163,0.4861865125273838,15.408379478870744,0.0,0.0,-13.188647244636066,1.0,0.2760755510849897,0.0,0.0,-0.37458680327158334,0.0
1986-03-21,13.035901421106487,0.7409346407008693,14.59090803618215,0.0,14.59090803618215,7.295454018091075,10.084252346416388,0.7725548041248692,0.3696967419967929,-0.5388673307710868,0.9143066337034735,0.4749480332240471,34.19078509202437,0.0,0.0,-19.962220208569413,1.0,6.477863628858611,0.0,0.0,-4.8981585317967244,0.0,-1.5171079624063832,0.9048967949859553,0.49025745747370014,-0.5229459835510103,1.018500373357123,0.5925844292317892,9.182605327196951,0.0,0.0,-6.449224093007622,1.0,-3.8829656188458443,0.0,0.0,4.031231437557858,0.0
1985-12-20,12.489334470989743,0.6389957311433357,13.065273037542656,0.0,13.065273037542656,6.532636518771328,-2.5363774707056863,0.6368904755186028,0.3709767646685652,-0.3769858178592985,0.7511798132544933,0.32904944713433265,27.71292146316576,0.0,0.0,-15.064061676772688,1.0,1.2533790360218013,0.0,0.0,4.130746935081596,0.0,3.43648868864741,0.6986784132143137,0.39379703832634405,-0.4611409532230782,0.8597179610896529,0.31314829071800443,2.721400218708879,-0.14998414983885544,-0.14998414983885544,-2.362123632131341,0.0,1.7738512084135527,-0.14998414983885544,-0.5285426101976909,-2.5095036229162315,0.0
1985-09-20,-5.379412961507946,0.5726363592783358,0.0,-5.738040838775504,5.738040838775504,-2.869020419387752,5.6098367334414645,0.576643508581232,0.3096918343613763,-0.4301239111187094,0.7436108538578478,0.31314878596660944,26.45954242714396,0.0,0.0,-19.194808611854285,1.0,0.6214188520126918,0.0,0.0,-1.9288248074276524,0.0,0.28667186412969503,0.4718237644302864,0.2603698559281913,-0.44821173941146375,0.7124477271532426,0.32204396739439356,8.251785644642327,0.0,0.0,-6.851457872890321,1.0,1.1991839630026817,0.0,0.0,0.4626786794750375,0.0
1985-06-21,4.0783897287512305,0.6320275768946727,4.87430589934712,-2.0913328626266825,6.9656387619738025,1.3914865183602187,2.723416818527391,0.5645642939723432,0.3827660941222354,-0.3951370851031864,0.7817733230823041,0.3156815173480458,25.838123575131267,0.0,0.0,-17.265983804426632,1.0,5.153328981850702,0.0,0.0,-0.2145727283100598,0.0,0.8413539244990664,0.444848609354504,0.3249521071521491,-0.3331926100184339,0.6604104418832364,0.22570391363358333,8.308583829013953,0.0,0.0,-6.10366123427144,1.0,1.3627365413071324,0.0,0.0,-0.07734712861763349,0.0
1985-03-15,3.0410866774990275,0.7017755482021042,7.021946823374581,0.0,7.021946823374581,3.5109734116872904,2.0004761847775443,0.7350542512806891,0.4434424099778689,-0.43810887346062627,0.8869913719705342,0.41642737705137084,16.895417673827218,0.0,0.0,-14.290019574760038,1.0,-1.0268335903065484,0.0,0.0,-0.32564855468887366,0.0,3.510374207623368,0.8718318712870903,0.38048513210976836,-0.5677659354068623,0.9567424945217747,0.5492241653919372,4.448948728431944,0.0,0.0,-4.992420731659553,1.0,4.438974086390116,0.0,1.0826659299212005,-4.620833168803307,1.0
1984-12-21,0.13309940910517515,0.7639966968472227,3.0975922982390047,-2.105384603145044,5.202976901384049,0.49610384754698034,9.32600701104569,0.8925538067932888,0.5114863334391151,-0.5513605938248209,1.0718861518196299,0.6005918468336175,15.663770774280044,0.0,0.0,-12.459872234875347,1.0,6.983508085616474,0.0,-3.2049907539078326,-6.378889136129018,1.0,-0.4876700489060859,0.6854574963592042,0.5196913922766068,-0.40087587653517265,0.9260368834375838,0.46253625407633375,2.765842092192699,0.0,0.0,-2.5257835498986636,1.0,-1.1916089281620939,0.0,0.0,0.8255776391923986,0.0
1984-09-21,9.577352999536991,0.9911623948563606,11.693895098882212,-0.6614194060453715,12.355314504927584,5.51623784641842,-5.441240853086493,0.7319504086059445,0.48433522023367015,-0.49220959368237466,0.98269757933508,0.42547915236277667,8.68026268866357,0.0,3.2049907539078326,-6.080983098746328,0.0,-12.602046414059794,0.0,3.2049907539078326,6.237492607058259,-1.0,-1.2991187687112382,0.6414900099323567,0.45273630834919315,-0.45130766703664543,0.9084708785767245,0.26210792334781563,-3.862034692875,0.0,0.0,4.618035569906809,-1.0,-1.2297036696251373,0.0,0.0,1.1455445702265754,0.0
1984-06-15,-5.689153271737757,0.7169378994220895,2.4553790659410213,-5.689153271737757,8.144532337678779,-1.6168871028983682,-4.927507073731596,0.829931581100097,0.5802685521605906,-0.5021596498195322,1.0887637723626307,0.462603398707077,19.748449159186162,0.8501913435711383,0.8501913435711383,-11.414763417925256,1.0,-8.194911209129188,0.8501913435711383,0.8501913435711383,5.974157633239342,0.0,0.7395129414764723,0.7545871330553133,0.4905096637673356,-0.49404517443780227,0.9910880822776224,0.5208759715362021,-1.4525125542377155,0.0,2.7888302641016383,2.180847110381734,-1.0,-1.0515295558590987,0.0,1.35886867284849,0.3931741088010865,0.0
1984-03-16,-4.175446472808709,0.8718264864250135,0.0,-7.171661923370332,7.171661923370332,-3.585830961685166,0.15667972280808407,0.5793319832312649,0.354797740534204,-0.38318112979939434,0.7415003711301785,0.31242862866364096,27.94336036831535,0.0,0.0,-17.388921051164598,1.0,-6.207183643362267,0.0,0.0,2.5931410041980065,0.0,1.8318894743291292,0.5746247493422952,0.2932858143769433,-0.401179584285539,0.6982453108451506,0.33609323982739603,2.828863640802283,-0.1795822111502976,-0.1795822111502976,-1.7747215074964462,0.0,0.8026158204144695,-0.1795822111502976,-1.1557877708111453,-1.4514759696173885,0.0
1983-12-16,-2.1452244652003682,0.5742097888214287,1.1810786381440286,-2.585115998794818,3.7661946369388466,-0.7020186803253947,-1.7407780211972312,0.8096362769052947,0.4894349621257786,-0.524923070485217,1.0203909522965067,0.4743304693380345,34.15054401167762,0.0,0.0,-19.982062055362604,1.0,-7.708449164547304,0.0,0.0,4.27140477094493,0.0,-2.1001653058914105,0.7493725452009107,0.4176167208499705,-0.5348666823581192,0.9582792248297698,0.34676110818354705,7.18018099596638,0.41064062970777027,0.41064062970777027,-4.047478090214129,0.0,-4.606864130389596,0.41064062970777027,0.41064062970777027,2.2461659461061263,-1.0
1983-09-16,-1.563147610870974,0.8457697843743586,0.9710462431168354,-5.749310201906555,6.72035644502339,-2.3891319793948598,5.279890287994005,0.84923716252074,0.43320293887609274,-0.5595875922797724,0.9998528320754145,0.49098129361828263,41.85899317622492,0.0,0.0,-24.253466826307534,1.0,7.147390838599307,0.0,0.0,-0.5262445007591197,0.0,-0.8919664338947308,0.9303859043374482,0.48581754807687183,-0.4702498056786837,0.9623460115301965,0.5765695758668646,14.260169838414757,0.0,0.0,-10.499299775422067,1.0,-3.3503529579016202,0.0,0.0,2.8012087172529014,0.0
1983-06-17,5.4294975688816915,0.7904591230189788,5.435731205585337,-1.0036155092881138,6.439346714873451,2.2160578481486115,11.518935591314872,0.9235770920178635,0.4729377449296166,-0.6494528671415385,1.1311051305002109,0.5345638392378022,34.711602337625614,0.0,0.0,-23.727222325548414,1.0,10.081369448861672,0.0,0.0,-5.9995538161772615,0.0,5.076308377546335,0.6776130981450091,0.32704722705850386,-0.5763431734835818,0.9094997854282488,0.33964166606046026,19.336147234428037,0.0,0.0,-13.975694147807339,1.0,7.807224671824827,-0.13454025803030234,-0.13454025803030234,-3.0981932489994826,0.0
1983-03-18,4.2057557034580695,1.04105554946438,6.826548013448175,-2.697260848296079,9.523808861744254,2.064643582576048,3.6159403587120886,1.3673902609809898,0.8241896654317353,-0.7117579018190192,1.5505778769819636,0.811035876955008,24.630232888763942,0.0,0.0,-17.727668509371153,1.0,3.528741537771623,0.0,0.0,-0.8475672513557413,0.0,2.9559189808187725,1.0770193808710136,0.6461852927284406,-0.6929139230439461,1.3516089224199304,0.6217152943237412,9.654860052490084,0.0,0.0,-11.04880833787023,1.0,-1.5893589161258994,-0.12439676526316834,-0.12439676526316834,-1.4168448359639925,0.0
1982-12-17,-0.9652020456673682,1.5133063387630699,3.018079665778295,-4.249809119066494,7.267888784844789,-0.6158647266440997,24.88081316902042,1.392085477794435,0.7021494151345288,-0.9272223407433223,1.6511516205171899,0.7991379300580053,21.10149135099232,0.0,0.0,-16.88010125801541,1.0,23.288843065785404,0.0,-4.002644317261828,-20.200374386208285,1.0,12.577035355173539,1.3211215620561467,0.6231852875735697,-1.0001819448552909,1.6452078735074738,0.7418965687059927,18.20021013815012,0.0,0.0,-15.206965579635302,1.0,13.743085447635497,0.0,4.488219150913519,-9.007176467128499,0.0
1982-09-17,10.236574615453797,1.4273022758836442,11.801745075110205,-7.870828460915713,19.67257353602592,1.9654583070972453,-6.29635873229939,0.703336013092234,0.5170888813445552,-0.4286532929889751,0.9505870134205542,0.33013523095822045,-2.1873517147930834,0.0,4.002644317261828,3.3202731281928743,0.0,-3.638977384897637,0.7617582602832074,4.7644025775450345,5.910247620526732,0.0,1.8599963349825943,0.6714423224925404,0.4443039247388941,-0.5449630108241683,0.9961716975542946,0.35316310113494176,-3.6196600919312982,-0.458756858864795,0.4781059788312281,4.29677194037974,-1.0,3.970338467894624,-0.458756858864795,0.4781059788312281,-5.2186222021123765,0.0
1982-06-18,-9.575185434929201,0.6773493940061481,0.6995954146999273,-9.575185434929201,10.274780849629128,-4.437795010114637,2.8254463511873773,0.9430933957618656,1.0205889807228594,-1.066986122751563,2.1121235920162498,0.6240625747576499,1.4516256701045533,-0.7617582602832074,-0.7617582602832074,-2.5899744923338575,0.0,0.7174422861071302,-0.7617582602832074,-8.9537111189531,-3.028866495190663,0.0,5.985349294264797,0.7536035009315069,0.7442990606933302,-0.9864069458277389,1.748681428237565,0.36792827387626414,-1.024911077835571,0.0,-2.1289896605978798,0.8763712212912278,0.0,7.28144633388797,0.0,-2.1289896605978798,-8.501011072032005,1.0
1982-03-19,-4.134165366614662,1.0133262923873816,4.350840700294678,-6.968278731149235,11.319119431443912,-1.308719015427278,-2.715008431703203,0.8676899876383725,0.9974216754902531,-0.9278009375161358,1.9438626463101099,0.38621936604492135,0.7341833839974231,0.0,8.191952858669893,0.4388920028568055,0.0,-3.5209692131291934,0.0,4.200331688068393,3.3432449848230794,0.0,-5.842990044067253,0.8055644074001962,1.1008844843167684,-0.8223241656817134,1.9390865912234139,0.46657792052544633,-6.663270454174929,0.0,0.0,8.130132292723413,-1.0,-5.2398104887820915,0.0,1.0267977150537844,6.248301581459548,-1.0
1981-12-18,4.553119730185506,0.8639491297355107,6.5345699831365955,-0.3709949409780755,6.905564924114671,3.08178752107926,-7.675548211462868,0.9796283079202726,1.099541106364782,-1.019180833489167,2.142698753416973,0.5534533942188332,4.255152597126616,0.0,3.9916211706015003,-2.904352981966274,0.0,-11.325708271272656,0.0,3.9916211706015003,8.334188695163515,-1.0,5.169814667021377,1.0149312782106275,1.105093887473262,-1.241613280429527,2.3805367173283916,0.629529805485766,-5.658225321847961,0.0,0.0,7.353643244500918,-1.0,3.584017758578983,0.0,0.0,-4.0163289607221495,0.0
1981-09-18,-9.497126771202968,0.9329646358494312,4.195858306409894,-9.497126771202968,13.692985077612862,-2.650634232396537,-4.943014651472533,0.6785627223921065,1.0003405146537259,-0.9463904460312345,1.965542058231525,0.2459695537629758,15.580860868399274,0.0,0.0,-11.238541677129788,1.0,-8.392341996038837,0.0,0.0,6.115198322109993,0.0,-3.0929315027157456,0.6511017947097659,1.018639537395936,-0.8896807706946488,1.925701706177706,0.24472076838515955,-0.4101343214617493,0.0,0.45654920914477426,1.7778629713789629,-1.0,-4.428345146772288,0.0,0.45654920914477426,3.2268259717990744,-2.0
1981-06-19,-2.1237235459523274,0.6936922067635425,0.2515909427260654,-4.018047950273774,4.269638892999839,-1.883228503773854,3.7702526299623784,0.8368694993950674,1.047365284254777,-1.0461149626471964,2.1162418707448802,0.2898687732702838,23.97320286443811,0.0,0.0,-17.35373999923978,1.0,1.8821646814156558,-0.5563870971870166,-0.5563870971870166,-0.8661805048773665,0.0,0.36391387775074335,0.7999787253303329,1.037622990838675,-1.0173878237588414,2.0766893738923446,0.25877346246946165,6.949786192306675,0.0,0.0,-4.992768236299749,1.0,-0.0295083107287768,0.0,0.0,0.41327960684418574,0.0
1981-03-20,2.9563080703371103,0.8583853392018129,3.417023727251789,-2.802733625124776,6.219757352376565,0.30714505106350654,0.292637636300519,1.0922961851970021,1.1674670497785578,-1.1487316129748681,2.343216927489587,0.45667247284919543,22.091038183022455,0.5563870971870166,0.5563870971870166,-16.487559494362415,1.0,-2.532999288942076,0.5563870971870166,0.5563870971870166,2.330324047735232,0.0,-4.642314956263094,0.8944668176346542,1.0889658696945903,-1.1051441973064116,2.219090284344615,0.509062495228864,5.157996468980495,0.0,1.3534539852568583,-3.920649049244118,0.0,-6.005812955289126,0.0,1.3534539852568583,4.470721689421253,-1.0
1980-12-19,2.964951639202784,1.1902833522404856,8.217165327904109,-2.741632441922792,10.958797769826901,2.737766442990658,7.509529723464148,0.9764403278657862,0.9812568154537858,-1.0746239271145,2.078583448535986,0.344590158987637,24.62403747196453,0.0,0.0,-18.817883542097647,1.0,4.9626459772559635,0.0,0.0,-3.5119531461377136,0.0,2.7700910170162185,1.1190789003856911,1.113053649341751,-1.1374645310908598,2.276275556231289,0.33659225026939754,8.184486285459556,0.0,0.0,-8.97571699268127,1.0,-4.799067777673542,0.0,0.0,2.0467117629602853,0.0
1980-09-19,7.0127504553733955,0.8675829405736998,7.0127504553733955,-0.033118065904957916,7.045868521278353,3.489816194734219,14.853556485355647,0.7823430812483323,0.8842165610383719,-1.064545212574644,1.9701868104536528,0.2825526748080016,19.661391494708568,0.0,0.0,-15.305930395959933,1.0,11.460790389853154,-1.150231393432244,-1.150231393432244,-10.851489907669421,0.0,4.120689655172405,0.8149838166245315,0.8792645006199064,-1.003665681439307,1.9021853821036094,0.21705140068616988,12.647616127233047,0.0,0.0,-9.007650182737514,1.0,6.7736174553579245,0.0,4.90878338885965,-3.2790120103251104,0.0
1980-06-20,8.463294028147583,0.7613257230266578,10.555344237352603,-0.4184100418409997,10.973754279193603,5.068467097755802,-7.4377255523281445,1.2270003062029162,1.3083833501914617,-1.2164312626532514,2.5579620582248648,0.5865982301250321,8.200601104855414,1.150231393432244,1.150231393432244,-4.454440488290512,1.0,-8.500402301892771,1.150231393432244,1.150231393432244,8.22107728101228,0.0,4.449741756058789,1.356567936589227,1.2937237262122139,-1.3096696136435693,2.6428759206586836,0.7899883075054545,-0.21193500219741182,0.0,0.9685225027471156,1.1251784945968124,-1.0,3.1535578563560125,0.0,-1.563678107598332,-3.700787056367183,0.0
1980-03-21,-9.946307543350052,1.1148311756246547,4.251386321626627,-9.990317753718859,14.241704075345485,-2.8694657160461157,12.966093268370305,0.7819619218041352,0.8539263988063696,-0.9772024710861507,1.8504202320854142,0.4205906367315275,16.701003406748185,0.0,0.0,-12.675517769302791,1.0,13.304178291444394,-1.0217800205495453,-1.0217800205495453,-10.21704472684698,0.0,5.350519287833833,0.7900109748909336,0.941217048200956,-1.026047545035548,1.9890260787598342,0.5091703591470884,8.780947950580996,0.0,0.0,-7.5904746513212995,1.0,4.941777203698036,0.0,0.0,-4.091116889081814,0.0
